source_path,language,program_type,recur_type,loop_type,loops_count,loops_depth,loop_condition_variables_count,has_break,loop_condition_always_true,initial_sat_condition,array_operator,pointer_operator,lines,summary
c_bench_term/3pieces_Caterina_TACAS16.c,C,loop,,Linear,1,1,1,False,False,True,False,False,14,分析代码的主要任务是检查变量y的值，并在满足条件时通过循环修改变量x。
c_bench_term/3pieces_Caterina_TACAS16_modif_1.c,C,loop,,Linear,1,1,1,False,False,True,False,False,14,开始执行程序，根据x和y的值进行条件判断和循环操作。
c_bench_term/3pieces_Caterina_TACAS16_modif_2.c,C,loop,,Linear,1,1,1,False,False,True,False,False,13,分析程序中的循环行为，检查变量x和y在非确定性初始值下的变化。
c_bench_term/3pieces_Caterina_TACAS16_modif_3.c,C,loop,,Linear,1,1,1,False,False,True,False,False,16,使用非确定值初始化变量，并在满足条件时通过循环修改x的值。
c_bench_term/4NestedWith2Variables_false-no-overflow.c,C,loop,,Linear,1,1,1,False,False,True,False,True,14,开始一个循环，当变量a大于0时更新a和b的值。
c_bench_term/4NestedWith3Variables_false-no-overflow.c,C,loop,,Linear,1,1,1,False,False,True,False,True,16,开始一个循环，根据变量q的值重复更新q、a和b，直到q不大于0。
c_bench_term/AliasDarteFeautrierGonnord-SAS2010-counterex1a_false-no-overflow.c,C,loop,,Linear,1,1,3,False,False,True,False,True,24,通过非确定性输入初始化变量，并在循环中根据条件修改变量值。
c_bench_term/AliasDarteFeautrierGonnord-SAS2010-cousot9_true-termination_true-no-overflow.c,C,loop,,Linear,1,1,1,False,False,True,False,False,17,使用循环根据j的值更新变量，直到i减小到0。
c_bench_term/AliasDarteFeautrierGonnord-SAS2010-rsd_true-termination.c,C,loop,,Linear,1,1,2,False,False,True,False,True,19,计算并更新两个变量da和db，直到da小于r。
c_bench_term/AliasDarteFeautrierGonnord-SAS2010-speedFails4_true-termination.c,C,loop,,Linear,1,1,2,False,False,True,False,False,21,开始执行一个循环，根据条件对变量x进行递增或递减操作，直到x大于n。
c_bench_term/AliasDarteFeautrierGonnord-SAS2010-speedpldi2_true-termination_true-no-overflow.c,C,loop,,Linear,1,1,1,False,False,True,False,True,20,计算两个非负整数在循环中的递减与重置过程。
c_bench_term/AliasDarteFeautrierGonnord-SAS2010-speedpldi3_true-termination_true-no-overflow.c,C,loop,,Linear,1,1,2,False,False,True,False,True,20,使用循环遍历两个变量i和j，当i小于n时递增，j在达到m后重置并递增i。
c_bench_term/AliasDarteFeautrierGonnord-SAS2010-wise_true-termination_true-no-overflow.c,C,loop,,Linear,1,1,2,False,False,True,False,True,17,开始分析代码。该程序通过非确定性输入初始化两个变量，并在满足条件时循环递增较小的变量。
c_bench_term/Ben-Amram-2010LMCS-Ex2.3-alloca_true-termination-modified1.c,C,loop,,Linear,1,1,3,False,False,True,False,True,21,使用非确定性变量初始化三个整数，并在它们都大于0时循环更新其值。
c_bench_term/Ben-Amram-2010LMCS-Ex2.3-alloca_true-termination-modified2.c,C,loop,,Linear,1,1,3,False,False,True,False,True,21,通过非确定性输入初始化变量，并在循环中根据条件更新变量值直到任一变量小于等于零。
c_bench_term/Ben-Amram-2010LMCS-Ex2.3-alloca_true-termination.c,C,loop,,Linear,1,1,3,False,False,True,False,True,21,使用非确定性输入初始化三个变量，并在循环中根据条件更新它们的值，直到至少一个变量小于等于零。
c_bench_term/BradleyMannaSipma-ICALP2005-Fig1_true-termination.c,C,loop,,Linear,1,1,2,False,False,True,False,True,23,分析代码的主要任务是执行一个受条件控制的循环，更新变量x和y直到x大于N。
c_bench_term/Cairo_true-no-overflow_true-termination_true-valid-memsafety.c,C,loop,,Linear,1,1,1,False,False,True,False,False,13,当x大于0时，通过循环将x递减至0。
c_bench_term/ChawdharyCookGulwaniSagivYang-ESOP2008-aaron12_false-no-overflow.c,C,loop,,Linear,1,1,2,False,False,True,False,True,19,分析一个包含非确定性输入和循环条件的C程序，检查变量在循环中的变化行为。
c_bench_term/ChawdharyCookGulwaniSagivYang-ESOP2008-aaron4_true-termination.c,C,loop,,Linear,1,1,4,False,False,True,False,True,29,开始一个循环，根据变量之间的比较和条件更新变量的值，直到条件不再满足。
c_bench_term/ChawdharyCookGulwaniSagivYang-ESOP2008-aaron6_true-termination.c,C,loop,,Linear,1,1,5,False,False,True,False,True,24,使用非确定性输入初始化变量，并在满足条件时通过循环更新这些变量。
c_bench_term/ChenFlurMukhopadhyay-SAS2012-Ex1.01_false-no-overflow-version1.c,C,loop,,Linear,1,1,1,False,False,True,False,True,10,开始一个循环，当变量x大于0时更新x的值。
c_bench_term/ChenFlurMukhopadhyay-SAS2012-Ex1.01_false-no-overflow-version2.c,C,loop,,Linear,1,1,1,False,False,True,False,True,10,开始一个循环，当变量x小于0时更新其值，直到x大于等于0。
c_bench_term/ChenFlurMukhopadhyay-SAS2012-Ex1.01_false-no-overflow-version3.c,C,loop,,Linear,1,1,2,False,False,True,False,True,12,开始一个循环，当x小于0且y大于0时更新x和y的值。
c_bench_term/ChenFlurMukhopadhyay-SAS2012-Ex1.01_false-no-overflow-version4.c,C,loop,,Linear,1,1,2,False,False,True,False,True,14,开始一个循环，根据x和y的值更新它们，直到x加y不大于0。
c_bench_term/ChenFlurMukhopadhyay-SAS2012-Ex1.01_false-no-overflow-version5.c,C,loop,,Linear,1,1,1,False,False,True,False,True,13,分析非确定性输入并在满足条件时执行循环。
c_bench_term/ChenFlurMukhopadhyay-SAS2012-Ex1.01_false-no-overflow-version6.c,C,loop,,Linear,1,1,2,False,False,True,False,True,12,开始一个循环，当x加y大于0时更新x和y的值。
c_bench_term/ChenFlurMukhopadhyay-SAS2012-Ex1.01_false-no-overflow.c,C,loop,,Linear,1,1,1,False,False,True,False,True,10,使用非确定性整数初始化x，并在x大于0时循环更新x的值。
c_bench_term/ChenFlurMukhopadhyay-SAS2012-Ex1.02_false-no-overflow.c,C,loop,,Linear,1,1,2,False,False,True,False,True,11,使用非确定性整数初始化变量并循环更新，直到条件不满足。
c_bench_term/ChenFlurMukhopadhyay-SAS2012-Ex2.06_false-no-overflow.c,C,loop,,Linear,1,1,2,False,False,True,False,True,13,通过循环更新变量x和y的值，直到线性表达式4*x + y不再大于0。
c_bench_term/ChenFlurMukhopadhyay-SAS2012-Ex2.13_true-termination.c,C,loop,,Linear,1,1,2,False,False,True,False,False,12,通过非确定性输入初始化x和y，并在满足条件时循环更新它们的值。
c_bench_term/ChenFlurMukhopadhyay-SAS2012-Ex4.01_false-no-overflow-simpl.c,C,loop,,Linear,1,1,3,False,False,True,False,True,13,分析程序中的循环条件并更新变量x和y直到不满足条件。
c_bench_term/ChenFlurMukhopadhyay-SAS2012-Ex4.01_false-no-overflow-version1.c,C,loop,,Linear,1,1,3,False,False,True,False,True,15,开始一个循环，根据变量x、y、z和n的初始值更新这些变量，直到满足终止条件。
c_bench_term/ChenFlurMukhopadhyay-SAS2012-Ex4.01_false-no-overflow-version2.c,C,loop,,Linear,1,1,3,False,False,True,False,True,16,分析非确定性输入并在满足条件时更新变量x、y、z的值。
c_bench_term/ChenFlurMukhopadhyay-SAS2012-Ex4.01_false-no-overflow.c,C,loop,,Linear,1,1,3,False,False,True,False,True,15,使用非确定性初始值，通过循环更新变量x、y、z直到条件不满足。
c_bench_term/CookSeeZuleger-TACAS2013-Fig1_true-termination_true-no-overflow.c,C,loop,,Linear,1,1,2,False,False,True,False,True,16,开始一个循环，当x和y都大于0时继续执行，随机选择减少x或重置x并减少y。
c_bench_term/CookSeeZuleger-TACAS2013-Fig7a-true-termination_true-no-overflow.c,C,loop,,Linear,1,1,3,False,False,True,False,True,20,开始一个循环，根据非确定性条件更新变量x、y和d的值，直到其中一个变量不大于0。
c_bench_term/CookSeeZuleger-TACAS2013-Fig7b-true-termination_true-no-overflow.c,C,loop,,Linear,1,1,3,False,False,True,False,True,21,使用非确定性输入初始化三个变量，并在循环中根据条件修改它们的值。
c_bench_term/CookSeeZuleger-TACAS2013-Fig8a-modified_true-termination_true-no-overflow.c,C,loop,,Linear,1,1,2,False,False,True,False,False,15,调整变量x的值，使其通过递增或递减逐步逼近并等于K。
c_bench_term/Copenhagen_disj_true-termination_true-valid-memsafety.c,C,loop,,Linear,1,1,2,False,False,True,False,True,17,通过交替更新两个变量来模拟循环过程，直到两者都小于零。
c_bench_term/Copenhagen_disj_true_version.c,C,loop,,Linear,1,1,3,False,False,True,False,False,17,通过循环不断更新变量x、y、z的值，直到它们都小于0为止。
c_bench_term/Copenhagen_true-no-overflow_true-termination_true-valid-memsafety.c,C,loop,,Linear,1,1,2,False,False,True,False,True,14,通过交替更新两个变量的值来执行循环，直到其中一个变为负数。
c_bench_term/Et1_false-no-overflow_true-termination.c,C,loop,,Linear,1,1,2,False,False,True,False,False,15,通过非确定性输入初始化两个变量，并在循环中更新它们的值。
c_bench_term/Gothenburg_false-no-overflow.c,C,loop,,Linear,1,1,2,False,False,True,False,False,17,检查a是否等于b，若相等则循环递减x和y直到两者都小于0。
c_bench_term/Gothenburg_v2_false-no-overflow.c,C,loop,,Linear,1,1,2,False,False,True,False,True,17,检查条件后执行循环，更新变量x和y直到它们都小于0。
c_bench_term/Gothenburg_v3_false-no-overflow.c,C,loop,,Linear,1,1,2,False,False,True,False,False,20,交换变量a和b的值，并在满足条件时循环更新x和y直到两者都小于0。
c_bench_term/Gothenburg_v4_false-no-overflow.c,C,loop,,Linear,1,1,2,False,False,True,False,False,21,开始一个循环，当a等于b且x或y非负时交换变量并更新值。
c_bench_term/GulavaniGulwani-CAV2008-Fig1a_true-termination.c,C,loop,,Linear,1,1,2,False,False,True,False,False,16,开始一个循环，当x小于y时不断根据z和x的大小关系更新x或z。
c_bench_term/GulwaniJainKoskinen-PLDI2009-Fig1_true-termination-version1.c,C,loop,,Linear,1,1,2,False,False,True,False,True,20,开始验证非确定性输入的循环条件并执行递增操作。
c_bench_term/GulwaniJainKoskinen-PLDI2009-Fig1_true-termination-version2.c,C,loop,,Linear,1,1,2,False,False,True,False,True,20,开始验证非确定性输入的循环行为。
c_bench_term/GulwaniJainKoskinen-PLDI2009-Fig1_true-termination.c,C,loop,,Linear,1,1,2,False,False,True,False,True,20,验证非确定性输入下循环的终止行为。
c_bench_term/HeizmannHoenickeLeikePodelski-ATVA2013-Fig2_true-termination-version.c,C,loop,,Linear,1,1,1,False,False,True,False,True,13,分析代码的主要任务是执行一个基于x和y大小关系的循环计算。
c_bench_term/HeizmannHoenickeLeikePodelski-ATVA2013-Fig2_true-termination.c,C,loop,,Linear,1,1,1,False,False,True,False,True,11,计算并更新变量x和y，直到x小于0。
c_bench_term/HeizmannHoenickeLeikePodelski-ATVA2013-Fig5_true-termination_true-no-overflow-version.c,C,loop,,Linear,1,1,1,False,False,True,False,False,12,分析代码的主要任务是执行一个循环，直到x小于0为止。
c_bench_term/HeizmannHoenickeLeikePodelski-ATVA2013-Fig5_true-termination_true-no-overflow.c,C,loop,,Linear,1,1,1,False,False,True,False,False,11,分析程序中的循环行为，检查非确定性输入下的终止性。
c_bench_term/HeizmannHoenickeLeikePodelski-ATVA2013-Fig8_true-termination-version.c,C,loop,,Linear,1,1,1,False,False,True,False,True,14,开始一个循环，当x大于等于0时不断减少x的值。
c_bench_term/HeizmannHoenickeLeikePodelski-ATVA2013-Fig8_true-termination.c,C,loop,,Linear,1,1,1,False,False,True,False,True,13,分析非确定整数输入并根据条件执行循环。
c_bench_term/HeizmannHoenickeLeikePodelski-ATVA2013-Fig9_true-termination-version.c,C,loop,,Linear,1,1,1,False,False,True,False,True,15,开始一个循环，当x大于等于0时不断更新x的值。
c_bench_term/HeizmannHoenickeLeikePodelski-ATVA2013-Fig9_true-termination.c,C,loop,,Linear,1,1,2,False,False,True,False,True,14,开始一个循环，当x大于等于0且z等于1时更新x的值。
c_bench_term/Lobnya-Boolean-Reordered_true-termination_true-valid-memsafety.c,C,loop,,Linear,1,1,1,False,False,True,False,False,19,通过非确定性输入初始化变量，并在循环中根据条件更新变量值。
c_bench_term/Masse-VMCAI2014-Fig1a_true-termination.c,C,loop,,Linear,1,1,1,False,False,True,False,False,16,分析非确定整数变量在循环中的变化，检查循环终止条件。
c_bench_term/Masse-VMCAI2014-Fig1b_true-termination-version-1.c,C,loop,,Linear,1,1,1,False,False,True,False,True,16,开始一个循环，根据非确定性条件更新变量x的值直到x大于100。
c_bench_term/Masse-VMCAI2014-Fig1b_true-termination-version-2.c,C,loop,,Linear,1,1,1,False,False,True,False,True,18,通过非确定性条件循环更新变量x的值，直到x大于100。
c_bench_term/Masse-VMCAI2014-Fig1b_true-termination.c,C,loop,,Linear,1,1,1,False,False,True,False,True,14,使用非确定性输入初始化x，并在满足条件时通过分支更新其值。
c_bench_term/McCarthyIterative_true-termination_true-no-overflow.c,C,loop,,Linear,1,1,1,False,False,True,False,False,20,通过循环根据x的值对其进行增减操作，直到c不大于0。
c_bench_term/MenloPark_true-no-overflow_true-termination_true-valid-memsafety-modif.c,C,loop,,Linear,1,1,1,False,False,True,False,False,18,分析程序中的变量初始化和循环执行条件。
c_bench_term/MenloPark_true-no-overflow_true-termination_true-valid-memsafety.c,C,loop,,Linear,1,1,1,False,False,True,False,False,15,开始一个循环，根据非确定性输入x的值不断更新x、y和z，直到x小于0。
c_bench_term/Mysore_false-no-overflow.c,C,loop,,Linear,1,1,2,False,False,True,False,False,15,分析非确定整数输入并根据条件执行循环递减操作。
c_bench_term/NoriSharma-2013FSE-Fig8-true-termination-modif.c,C,loop,,Linear,1,1,2,False,False,True,False,False,16,开始一个循环，当x大于等于y时执行，根据非确定性条件更新变量。
c_bench_term/NoriSharma-2013FSE-Fig8-true-termination.c,C,loop,,Linear,1,1,2,False,False,True,False,False,16,通过循环调整变量x、y和z的值，直到x小于y为止。
c_bench_term/Nyala-2lex_true-no-overflow_true-termination_true-valid-memsafety-version.c,C,loop,,Linear,1,1,2,False,False,True,False,True,15,使用非确定性初始值，通过循环不断调整x和y，直到其中一个小于等于0。
c_bench_term/Nyala-2lex_true-no-overflow_true-termination_true-valid-memsafety.c,C,loop,,Linear,1,1,2,False,False,True,False,True,15,通过循环递减y并在y小于0时递减x来模拟双重循环的终止行为。
c_bench_term/Parallel_true-no-overflow_true-termination_true-valid-memsafety.c,C,loop,,Linear,1,1,2,False,False,True,False,False,16,通过循环递减x或y直到两者都小于0来终止程序。
c_bench_term/Piecewise_true-no-overflow_true-termination_true-valid-memsafety.c,C,loop,,Linear,1,1,2,False,False,True,False,True,18,开始一个循环，根据i和j的大小关系更新它们的值，直到其中一个不大于0或两者相等。
c_bench_term/PodelskiRybalchenko-LICS2004-Fig2_true-termination-modif1.c,C,loop,,Linear,1,1,2,False,False,True,False,True,18,使用非确定性输入初始化变量，并在循环中根据条件更新它们的值。
c_bench_term/PodelskiRybalchenko-LICS2004-Fig2_true-termination-modif2.c,C,loop,,Linear,1,1,2,False,False,True,False,True,18,使用非确定性输入初始化x和y，并在满足条件时通过不同分支更新它们的值。
c_bench_term/PodelskiRybalchenko-LICS2004-Fig2_true-termination-simpl.c,C,loop,,Linear,1,1,2,False,False,True,False,True,13,使用非确定性初始值对x和y进行循环更新，直到其中一个不大于0。
c_bench_term/PodelskiRybalchenko-LICS2004-Fig2_true-termination.c,C,loop,,Linear,1,1,2,False,False,True,False,True,18,使用非确定性输入初始化变量，并在循环中根据条件更新它们的值。
c_bench_term/PodelskiRybalchenko-TACAS2011-Fig4_true-termination_true-no-overflow.c,C,loop,,Linear,1,1,2,False,False,True,False,True,16,使用非确定性输入初始化变量，并在循环中根据条件修改它们的值。
c_bench_term/PodelskiRybalchenko-VMCAI2004-Ex1_false-no-overflow-version.c,C,loop,,Linear,1,1,4,False,False,True,False,False,35,使用非确定性变量更新循环中的值，直到满足终止条件。
c_bench_term/PodelskiRybalchenko-VMCAI2004-Ex1_false-no-overflow.c,C,loop,,Linear,1,1,2,False,False,True,False,False,21,使用非确定性变量通过循环调整i和j的值，直到i与j的差小于1。
c_bench_term/PodelskiRybalchenko-simpl1.c,C,loop,,Linear,1,1,2,True,False,True,False,True,28,开始一个循环，当x和y都大于0时执行，并根据非确定性条件更新x和y的值。
c_bench_term/PodelskiRybalchenko-simpl2.c,C,loop,,Linear,1,1,2,False,False,True,False,True,16,使用非确定性输入初始化变量，并在循环中根据条件修改它们的值。
c_bench_term/PodelskiRybalchenko-simpl3.c,C,loop,,Linear,1,1,2,False,False,True,False,True,16,使用非确定性输入初始化x和y，循环执行直到x或y小于等于0。
c_bench_term/Problem00_label00_true-unreach-call-toy.c,C,loop,,Linear,1,1,1,False,False,True,False,True,29,计算输入值并根据条件返回结果，循环直到输出为0。
c_bench_term/Pure2Phase_false-no-overflow.c,C,loop,,Linear,1,1,1,False,False,True,False,False,17,通过循环不断修改y和z的值，直到z小于0时退出循环。
c_bench_term/Pure2Phase_true-termination_true-valid-memsafety.c,C,loop,,Linear,1,1,1,False,False,True,False,True,22,分析程序逻辑，检查在循环中变量y和z的变化及非负条件下的执行路径。
c_bench_term/Pure3Phase_false-no-overflow.c,C,loop,,Linear,1,1,1,False,False,True,False,False,19,使用非确定性初始值通过循环更新变量，直到x小于0。
c_bench_term/Singapore_false-no-overflow-version.c,C,loop,,Linear,1,1,1,False,False,True,False,False,16,根据x和y的初始值判断是否进入循环，并在循环中更新x和y的值。
c_bench_term/Singapore_false-no-overflow.c,C,loop,,Linear,1,1,1,False,False,True,False,False,16,分析代码的主要任务是检查x和y的初始和条件，并在满足条件时通过循环更新x和y的值。
c_bench_term/TelAviv-Amir-Minimum-alloca_true-termination.c,C,loop,,Linear,1,1,2,False,False,True,False,True,25,通过非确定性条件循环更新两个变量，直到其中一个不大于零。
c_bench_term/Thun_false-no-overflow.c,C,loop,,Linear,1,1,1,False,False,True,False,True,14,分析程序中的循环行为，检查非确定性输入下循环条件的满足情况。
c_bench_term/Toulouse-BranchesToLoop-alloca_true-termination.c,C,loop,,Linear,1,1,2,False,False,True,False,True,19,开始执行一个循环，根据条件更新变量y和z的值。
c_bench_term/UrbanMine-ESOP2014-Fig3_true-termination_true-no-overflow.c,C,loop,,Linear,1,1,2,False,False,True,False,True,26,开始一个循环，当x不等于0且y大于0时执行循环体，根据x的值和非确定性条件修改x和y。
c_bench_term/aaron3_false-no-overflow-version.c,C,loop,,Linear,1,1,4,False,False,True,False,True,15,开始一个循环，根据非确定性输入更新变量直到条件不满足。
c_bench_term/aaron3_false-no-overflow.c,C,loop,,Linear,1,1,4,False,False,True,False,True,19,开始一个循环，根据非确定性条件更新变量直到循环条件不再满足。
c_bench_term/aaron3_true-termination_true-valid-memsafety.c,C,loop,,Linear,1,1,4,False,False,True,False,True,25,开始一个循环，根据非确定性条件更新变量，直到循环条件不满足。
c_bench_term/aviad_true-termination_true-no-overflow-version1.c,C,loop,,Linear,1,1,1,False,False,True,False,False,11,开始一个循环，根据数值的奇偶性和是否被3整除来更新变量a的值。
c_bench_term/aviad_true-termination_true-no-overflow-version2.c,C,loop,,Linear,1,1,1,False,False,True,False,False,10,开始一个循环，根据变量a的奇偶性对其进行除以2或加1操作，直到a小于等于1。
c_bench_term/aviad_true-termination_true-no-overflow-version3.c,C,loop,,Linear,1,1,1,False,False,True,False,False,10,分析一个非确定整数，通过循环不断减小其值直到不大于1。
c_bench_term/aviad_true-termination_true-no-overflow.c,C,loop,,Linear,1,1,1,False,False,True,False,False,10,开始一个循环，根据变量a的奇偶性对其进行除以2或减1操作，直到a不大于1。
c_bench_term/b.03-no-inv_assume_true-termination_true-no-overflow.c,C,loop,,Linear,1,1,2,False,False,True,False,True,13,开始一个循环，当x大于y且y不超过整数最大值减x时，将x加到y上。
c_bench_term/b.10_true-termination_true-no-overflow.c,C,loop,,Linear,1,1,2,False,False,True,False,True,19,开始一个循环，根据x和y的值逐步递减，直到满足特定条件为止。
c_bench_term/b.11_true-termination_true-no-overflow-simpl.c,C,loop,,Linear,1,1,2,False,False,True,False,False,21,开始一个循环，根据x和y的大小关系逐步递减，直到它们的和不大于0。
c_bench_term/b.11_true-termination_true-no-overflow.c,C,loop,,Linear,1,1,2,False,False,True,False,True,21,开始执行一个循环，根据x和y的大小关系逐步递减它们的值，直到不满足特定条件。
c_bench_term/c.07_true-termination_true-no-overflow-simpl.c,C,loop,,Linear,1,1,1,False,False,True,False,False,15,开始一个循环，当i小于等于100时交换i和j的值并递增。
c_bench_term/c.07_true-termination_true-no-overflow.c,C,loop,,Linear,1,1,1,False,False,True,False,True,17,开始一个循环，根据条件更新变量i、j和k的值，直到不满足循环条件为止。
c_bench_term/determ_term_1.c,C,loop,,Linear,1,1,1,False,False,True,False,False,10,通过循环不断更新x和y的值，直到x等于0时退出循环并返回。
c_bench_term/determ_term_2.c,C,loop,,Linear,1,1,1,False,False,True,False,False,10,执行一个永远不会终止的循环，因为循环条件始终不满足。
c_bench_term/determ_term_3.c,C,loop,,Linear,1,1,3,False,False,True,False,True,13,使用循环更新变量x、y、z的值，直到它们相等。
c_bench_term/determ_term_4.c,C,loop,,Linear,1,1,3,False,False,True,False,True,12,通过循环更新变量值，直到满足特定条件。
c_bench_term/determ_term_5.c,C,loop,,Linear,1,1,2,False,False,True,False,True,13,开始执行一个循环，更新变量i、j、k的值，直到i等于j为止。
c_bench_term/determ_term_6.c,C,loop,,Linear,1,1,3,False,False,True,False,True,14,执行一个循环，更新变量x、y、z的值，直到它们的和为零。
c_bench_term/determ_term_7.c,C,loop,,Linear,1,1,1,False,False,True,False,False,18,执行一个循环，不断更新变量值，直到条件不满足为止。
c_bench_term/determ_term_8.c,C,loop,,Linear,1,1,1,False,False,True,False,False,20,初始化变量后进入循环，不断更新变量值，直到条件不满足。
c_bench_term/eca_bounded_core.c,C,loop,,Linear,1,1,2,False,False,True,False,True,57,根据输入和全局状态计算输出并更新状态，返回特定值。
c_bench_term/ex1_false-no-overflow_true-termination.c,C,loop,,Linear,1,1,1,False,False,True,False,True,13,计算x的y次幂，使用循环将r初始化为1后连续乘以x共y次。
c_bench_term/for_bounded_loop1_false-unreach-call_true-termination-simplified.c,C,loop,,Linear,1,1,2,False,False,True,False,False,15,使用循环更新变量x和y，循环次数由非确定性输入n决定。
c_bench_term/genady_true-termination_true-no-overflow-version.c,C,loop,,Linear,1,1,2,False,False,True,False,False,10,开始执行一个循环，每次将 j 加 3，i 减 2，直到 i - j 小于 1。
c_bench_term/genady_true-termination_true-no-overflow.c,C,loop,,Linear,1,1,2,False,False,True,False,False,10,开始执行一个循环，每次将j加1，i减1，直到i与j的差小于1。
c_bench_term/java_AG313_true-termination_true-no-overflow.c,C,loop,,Linear,1,1,2,False,False,True,False,True,15,计算在满足 x 和 y 大于 0 的条件下，循环执行的次数。
c_bench_term/min_rf-alloca_true-termination.c,C,loop,,Linear,1,1,2,False,False,True,False,True,16,开始一个循环，根据非确定性条件更新变量x、y和z的值。
c_bench_term/nonlin_div_term_1.c,C,loop,,Linear,1,1,2,False,False,True,False,False,15,分析两个非确定整数，若满足条件则通过循环递减x直到等于y。
c_bench_term/nonlin_div_term_2.c,C,loop,,Linear,1,1,1,False,False,True,False,False,15,使用非确定值初始化x和y，当x大于0时循环将x除以y。
c_bench_term/nonlin_jump_over_1_term.c,C,loop,,Linear,1,1,2,False,False,True,False,False,15,检查非确定性输入x和y，当y大于1时进入循环并根据x除以y的余数调整x的值。
c_bench_term/nonlin_mod_term_1.c,C,loop,,Linear,1,1,2,False,False,True,False,False,15,计算两个非确定整数在满足条件时的模运算结果。
c_bench_term/nonlin_mod_term_2.c,C,loop,,Linear,1,1,2,False,False,True,False,False,18,使用非确定性输入初始化x和y，在满足条件时通过取模或减法更新x，直到x不大于y。
c_bench_term/nonlin_mod_term_3.c,C,loop,,Linear,1,1,1,False,False,True,False,False,16,检查两个非负整数x和y，若x能被y整除，则循环将x减去y直到x为0。
c_bench_term/nonlin_mod_term_4.c,C,loop,,Linear,1,1,2,False,False,True,False,False,15,计算并递减y直到x能被y整除。
c_bench_term/nonlin_mult_term_1.c,C,loop,,Linear,1,1,1,False,False,True,False,True,14,计算变量x在循环中不断乘以y直到x不小于10000。
c_bench_term/nonlin_mult_term_2.c,C,loop,,Linear,1,1,1,False,False,True,False,True,15,开始一个程序，检查x和y的值，并在满足条件时通过循环更新x。
c_bench_term/nonlin_mult_term_3.c,C,loop,,Linear,1,1,1,False,False,True,False,True,17,开始一个程序，检查三个非确定性整数是否大于1，并在满足条件下通过乘法更新其中一个值。
c_bench_term/nonlin_mult_term_4.c,C,loop,,Linear,1,1,2,False,False,True,False,True,18,使用非确定输入验证变量增长关系，当i不小于j时循环更新i和j的值。
c_bench_term/nonlin_mult_term_5.c,C,loop,,Linear,1,1,1,False,False,True,False,True,16,计算两个非负整数的乘积并循环减去其中一个数直到结果为零。
c_bench_term/nonlin_mult_term_6.c,C,loop,,Linear,1,1,2,False,False,True,False,True,12,开始一个循环，当d乘以b大于0时，将b的值取反。
c_bench_term/nonlin_mult_term_7.c,C,loop,,Linear,1,1,1,False,False,True,False,True,15,使用非确定值初始化变量，并在满足条件时通过乘法更新循环变量。
c_bench_term/nonlin_mult_term_8.c,C,loop,,Linear,1,1,1,False,False,True,False,True,18,检查输入变量是否大于1，并在满足条件下通过循环不断更新其值。
c_bench_term/nonlin_mult_term_9.c,C,loop,,Linear,1,1,1,False,False,True,False,True,15,使用非确定性输入初始化变量，并在满足条件时通过循环更新变量值。
c_bench_term/term_01.c,C,loop,,Linear,1,1,2,False,False,True,False,False,15,分析两个非确定整数，当x大于y时循环递减x和y直到它们相等。
c_bench_term/term_02.c,C,loop,,Linear,1,1,3,False,False,False,False,True,15,分析代码的主要任务是执行一个循环，根据变量x、y、z的条件递减它们的值。
c_bench_term/term_03.c,C,loop,,Linear,1,1,3,False,False,False,False,False,15,分析代码中的循环条件并检查变量使用。
c_bench_term/term_04.c,C,loop,,Linear,1,1,2,False,False,True,False,True,19,开始一个循环，当两个非确定值都大于0时递减其中一个。
c_bench_term/term_05.c,C,loop,,Linear,1,1,2,False,False,True,False,False,14,计算并更新变量j的值，直到j小于等于d。
c_bench_term/term_06.c,C,loop,,Linear,1,1,1,False,False,True,False,False,11,开始一个循环，当x小于1000时不断检查x是否为7777，否则递增x。
c_bench_term/term_07.c,C,loop,,Linear,1,1,1,False,False,True,False,False,13,通过循环根据y的值修改x和y，直到x小于等于0。
c_bench_term/term_08.c,C,loop,,Linear,1,1,1,False,False,False,False,False,11,执行一个当x大于0时递增x和y的循环。
c_bench_term/term_09.c,C,loop,,Linear,1,1,2,False,False,True,False,False,23,通过循环调整x和y的值，使它们最终等于K，用于验证变量变化过程。
c_bench_term/term_10.c,C,loop,,Linear,1,1,2,False,False,True,False,False,22,通过调整x和y的值，使它们最终相等并满足循环终止条件。
c_bench_term/term_11.c,C,loop,,Linear,1,1,3,False,False,True,False,False,21,调整变量x和y的值，使它们都等于K，每次循环逐步逼近。
c_bench_term/term_12.c,C,loop,,Linear,1,1,3,False,False,True,False,False,12,执行一个循环，直到变量i、j、k的和小于1为止。
c_bench_term/term_13.c,C,loop,,Linear,1,1,3,False,False,True,False,False,13,通过非确定性输入初始化变量，并在循环中根据条件修改变量值直至满足退出条件。
c_bench_term/term_14.c,C,loop,,Linear,1,1,4,False,False,True,False,False,14,执行一个循环，当四个变量之和为零时持续修改它们的值。
c_bench_term/term_15.c,C,loop,,Linear,1,1,2,False,False,True,False,False,16,通过循环不断递增x和y的值，直到x除以50的结果不等于y。
c_bench_term/term_16.c,C,loop,,Linear,1,1,2,False,False,True,False,True,17,通过非确定性输入初始化变量，并在循环中根据条件更新它们的值。
c_bench_term/term_17.c,C,loop,,Linear,1,1,1,False,False,True,False,False,14,开始一个循环，当x小于49时更新x为y对50取模的值并递增y。
c_bench_term/term_18.c,C,loop,,Linear,1,1,1,False,False,True,False,False,16,开始一个循环，根据 y 和 z 的模值更新 x，直到 x 大于 97。
c_bench_term/term_19.c,C,loop,,Linear,1,1,2,False,False,True,False,True,14,使用非确定性值初始化x，当x不等于2倍y时循环调整x的值。
c_bench_term/term_20.c,C,loop,,Linear,1,1,1,False,False,True,False,False,12,执行一个循环，更新变量x、y和z的值，直到x大于等于100。
c_bench_term/term_21.c,C,loop,,Linear,1,1,1,False,False,True,False,False,12,使用非确定初始值循环递减z直到其小于0。
c_bench_term/term_22.c,C,loop,,Linear,1,1,2,False,False,True,False,False,22,通过循环调整x和y的值，直到y等于K。
c_bench_term/term_23.c,C,loop,,Linear,1,1,2,False,False,True,False,False,14,开始一个循环，根据x和y的值进行递减和递增操作，并在特定条件下修改x。
c_bench_term/term_24.c,C,loop,,Linear,1,1,2,False,False,True,False,False,16,开始一个循环，当x不等于y时递增x和y，并在x或y超过z时进行调整。
c_bench_term/term_25.c,C,loop,,Linear,1,1,4,False,False,True,False,False,18,执行一个循环，根据变量c的值递减y，并更新x和z，直到w不等于x+y+z。
c_bench_term/term_26.c,C,loop,,Linear,1,1,2,False,False,True,False,False,16,分析代码主要任务：通过循环在x等于y时更新x和y的值，直到两者不相等。
c_bench_term/term_27.c,C,loop,,Linear,1,1,2,False,False,True,False,False,17,通过循环不断调整x和y的值，直到x小于等于y。
c_bench_term/term_28.c,C,loop,,Linear,1,1,2,False,False,True,False,False,20,通过非确定性条件调整x和y的值，直到x不大于y。
c_bench_term/term_29.c,C,loop,,Linear,1,1,2,False,False,True,False,True,20,使用非确定性输入更新变量 y 和 z，并在 x 小于 N 时循环递增 x。
c_bench_term/transform_1.c,C,loop,,Linear,1,1,1,False,False,True,False,False,19,分析程序中的变量变化和循环行为，判断在给定非确定性输入下循环是否终止。
c_bench_term/trex03_false-unreach-call_true-termination-modif.c,C,loop,,Linear,1,1,3,False,False,True,False,True,24,通过非确定性输入模拟三个变量的递减过程，直到其中一个变量小于等于零。
c_bench_term/trex03_false-unreach-call_true-termination-simpl.c,C,loop,,Linear,1,1,3,False,False,True,False,True,18,通过非确定性选择递减三个变量中的一个，直到至少有一个变量小于等于零。
c_bench_term/trex03_false-unreach-call_true-termination.c,C,loop,,Linear,1,1,3,False,False,True,False,True,21,开始一个循环，当三个变量都大于0时，随机递减其中一个变量。
