file,result_lasso,error1,rf_lasso,out_lasso,result_general,error2,rf_general,out_general,cost_time_lasso,cost_time_general,aeval_split,path
Swingers_false-termination_true-no-overflow-version-1.c,FAILED,,,Results/CPA_Outputs/Loopy_dataset_InvarBenchmark/Swingers_false-termination_true-no-overflow-version-1.c_lasso_out,,,,,0.61,0.0,c_bench_nonterm,../EvolveTerm/data/aeval/c_bench_nonterm/Swingers_false-termination_true-no-overflow-version-1.c
GulwaniJainKoskinen-PLDI2009-Fig1_true-termination-broken.c,NO,,,Results/CPA_Outputs/Loopy_dataset_InvarBenchmark/GulwaniJainKoskinen-PLDI2009-Fig1_true-termination-broken.c_lasso_out,,,,,1.66,0.0,c_bench_nonterm,../EvolveTerm/data/aeval/c_bench_nonterm/GulwaniJainKoskinen-PLDI2009-Fig1_true-termination-broken.c
nterm_ever_07.c,MAYBE,,,Results/CPA_Outputs/Loopy_dataset_InvarBenchmark/nterm_ever_07.c_lasso_out,,,,,14.76,0.0,c_bench_nonterm,../EvolveTerm/data/aeval/c_bench_nonterm/nterm_ever_07.c
Et4_false-no-overflow_false-termination.c,NO,,,Results/CPA_Outputs/Loopy_dataset_InvarBenchmark/Et4_false-no-overflow_false-termination.c_lasso_out,,,,,1.44,0.0,c_bench_nonterm,../EvolveTerm/data/aeval/c_bench_nonterm/Et4_false-no-overflow_false-termination.c
PodelskiRybalchenko-2004VMCAI-Ex2-alloca_false-termination-modif2.c,MAYBE,,,Results/CPA_Outputs/Loopy_dataset_InvarBenchmark/PodelskiRybalchenko-2004VMCAI-Ex2-alloca_false-termination-modif2.c_lasso_out,,,,,1.6,0.0,c_bench_nonterm,../EvolveTerm/data/aeval/c_bench_nonterm/PodelskiRybalchenko-2004VMCAI-Ex2-alloca_false-termination-modif2.c
ChenFlurMukhopadhyay-SAS2012-Ex2.04_false-no-overflow.c,NO,,,Results/CPA_Outputs/Loopy_dataset_InvarBenchmark/ChenFlurMukhopadhyay-SAS2012-Ex2.04_false-no-overflow.c_lasso_out,,,,,1.43,0.0,c_bench_nonterm,../EvolveTerm/data/aeval/c_bench_nonterm/ChenFlurMukhopadhyay-SAS2012-Ex2.04_false-no-overflow.c
NoriSharma-2013FSE-Fig8-true-termination-broken.c,NO,,,Results/CPA_Outputs/Loopy_dataset_InvarBenchmark/NoriSharma-2013FSE-Fig8-true-termination-broken.c_lasso_out,,,,,1.76,0.0,c_bench_nonterm,../EvolveTerm/data/aeval/c_bench_nonterm/NoriSharma-2013FSE-Fig8-true-termination-broken.c
NonTerminationSimple8_false-termination_true-valid-memsafety.c,NO,,,Results/CPA_Outputs/Loopy_dataset_InvarBenchmark/NonTerminationSimple8_false-termination_true-valid-memsafety.c_lasso_out,,,,,1.48,0.0,c_bench_nonterm,../EvolveTerm/data/aeval/c_bench_nonterm/NonTerminationSimple8_false-termination_true-valid-memsafety.c
nonlin_choices_1.c,NO,,,Results/CPA_Outputs/Loopy_dataset_InvarBenchmark/nonlin_choices_1.c_lasso_out,,,,,1.49,0.0,c_bench_nonterm,../EvolveTerm/data/aeval/c_bench_nonterm/nonlin_choices_1.c
aviad_true-termination_true-no-overflow-broken1.c,NO,,,Results/CPA_Outputs/Loopy_dataset_InvarBenchmark/aviad_true-termination_true-no-overflow-broken1.c_lasso_out,,,,,1.44,0.0,c_bench_nonterm,../EvolveTerm/data/aeval/c_bench_nonterm/aviad_true-termination_true-no-overflow-broken1.c
Choose_false-no-overflow_false-termination.c,NO,,,Results/CPA_Outputs/Loopy_dataset_InvarBenchmark/Choose_false-no-overflow_false-termination.c_lasso_out,,,,,1.89,0.0,c_bench_nonterm,../EvolveTerm/data/aeval/c_bench_nonterm/Choose_false-no-overflow_false-termination.c
nterm_14_cex.c,NO,,,Results/CPA_Outputs/Loopy_dataset_InvarBenchmark/nterm_14_cex.c_lasso_out,,,,,1.4,0.0,c_bench_nonterm,../EvolveTerm/data/aeval/c_bench_nonterm/nterm_14_cex.c
ChenFlurMukhopadhyay-SAS2012-Ex2.13_true-termination-broken.c,NO,,,Results/CPA_Outputs/Loopy_dataset_InvarBenchmark/ChenFlurMukhopadhyay-SAS2012-Ex2.13_true-termination-broken.c_lasso_out,,,,,1.32,0.0,c_bench_nonterm,../EvolveTerm/data/aeval/c_bench_nonterm/ChenFlurMukhopadhyay-SAS2012-Ex2.13_true-termination-broken.c
ChenFlurMukhopadhyay-SAS2012-Ex2.12_false-termination.c,NO,,,Results/CPA_Outputs/Loopy_dataset_InvarBenchmark/ChenFlurMukhopadhyay-SAS2012-Ex2.12_false-termination.c_lasso_out,,,,,1.3,0.0,c_bench_nonterm,../EvolveTerm/data/aeval/c_bench_nonterm/ChenFlurMukhopadhyay-SAS2012-Ex2.12_false-termination.c
nonlin_mult_nonterm_4.c,NO,,,Results/CPA_Outputs/Loopy_dataset_InvarBenchmark/nonlin_mult_nonterm_4.c_lasso_out,,,,,1.57,0.0,c_bench_nonterm,../EvolveTerm/data/aeval/c_bench_nonterm/nonlin_mult_nonterm_4.c
Even_false-no-overflow_false-termination.c,NO,,,Results/CPA_Outputs/Loopy_dataset_InvarBenchmark/Even_false-no-overflow_false-termination.c_lasso_out,,,,,1.33,0.0,c_bench_nonterm,../EvolveTerm/data/aeval/c_bench_nonterm/Even_false-no-overflow_false-termination.c
NO_24_false-termination_true-no-overflow.c,MAYBE,,,Results/CPA_Outputs/Loopy_dataset_InvarBenchmark/NO_24_false-termination_true-no-overflow.c_lasso_out,,,,,1.57,0.0,c_bench_nonterm,../EvolveTerm/data/aeval/c_bench_nonterm/NO_24_false-termination_true-no-overflow.c
choices_div_3.c,MAYBE,,,Results/CPA_Outputs/Loopy_dataset_InvarBenchmark/choices_div_3.c_lasso_out,,,,,3.35,0.0,c_bench_nonterm,../EvolveTerm/data/aeval/c_bench_nonterm/choices_div_3.c
nterm_ever_02.c,NO,,,Results/CPA_Outputs/Loopy_dataset_InvarBenchmark/nterm_ever_02.c_lasso_out,,,,,1.32,0.0,c_bench_nonterm,../EvolveTerm/data/aeval/c_bench_nonterm/nterm_ever_02.c
LeikeHeizmann-WST2014-Ex5_false-termination.c,MAYBE,,,Results/CPA_Outputs/Loopy_dataset_InvarBenchmark/LeikeHeizmann-WST2014-Ex5_false-termination.c_lasso_out,,,,,1.41,0.0,c_bench_nonterm,../EvolveTerm/data/aeval/c_bench_nonterm/LeikeHeizmann-WST2014-Ex5_false-termination.c
ChenCookFuhsNimkarOHearn-TACAS2014-Introduction_false-termination_true-no-overflow.c,NO,,,Results/CPA_Outputs/Loopy_dataset_InvarBenchmark/ChenCookFuhsNimkarOHearn-TACAS2014-Introduction_false-termination_true-no-overflow.c_lasso_out,,,,,1.31,0.0,c_bench_nonterm,../EvolveTerm/data/aeval/c_bench_nonterm/ChenCookFuhsNimkarOHearn-TACAS2014-Introduction_false-termination_true-no-overflow.c
CookSeeZuleger-TACAS2013-Fig8a-modified_true-termination_true-no-overflow-broken-3.c,NO,,,Results/CPA_Outputs/Loopy_dataset_InvarBenchmark/CookSeeZuleger-TACAS2013-Fig8a-modified_true-termination_true-no-overflow-broken-3.c_lasso_out,,,,,1.31,0.0,c_bench_nonterm,../EvolveTerm/data/aeval/c_bench_nonterm/CookSeeZuleger-TACAS2013-Fig8a-modified_true-termination_true-no-overflow-broken-3.c
determ_nterm_2.c,MAYBE,,,Results/CPA_Outputs/Loopy_dataset_InvarBenchmark/determ_nterm_2.c_lasso_out,,,,,174.85,0.0,c_bench_nonterm,../EvolveTerm/data/aeval/c_bench_nonterm/determ_nterm_2.c
nterm_19_cex.c,NO,,,Results/CPA_Outputs/Loopy_dataset_InvarBenchmark/nterm_19_cex.c_lasso_out,,,,,2.08,0.0,c_bench_nonterm,../EvolveTerm/data/aeval/c_bench_nonterm/nterm_19_cex.c
nterm_ever_14.c,MAYBE,,,Results/CPA_Outputs/Loopy_dataset_InvarBenchmark/nterm_ever_14.c_lasso_out,,,,,3.68,0.0,c_bench_nonterm,../EvolveTerm/data/aeval/c_bench_nonterm/nterm_ever_14.c
ChenFlurMukhopadhyay-SAS2012-Ex3.02_false-no-overflow.c,NO,,,Results/CPA_Outputs/Loopy_dataset_InvarBenchmark/ChenFlurMukhopadhyay-SAS2012-Ex3.02_false-no-overflow.c_lasso_out,,,,,1.4,0.0,c_bench_nonterm,../EvolveTerm/data/aeval/c_bench_nonterm/ChenFlurMukhopadhyay-SAS2012-Ex3.02_false-no-overflow.c
nterm_01_cex.c,NO,,,Results/CPA_Outputs/Loopy_dataset_InvarBenchmark/nterm_01_cex.c_lasso_out,,,,,1.31,0.0,c_bench_nonterm,../EvolveTerm/data/aeval/c_bench_nonterm/nterm_01_cex.c
aviad_true-termination_true-no-overflow-broken2.c,MAYBE,,,Results/CPA_Outputs/Loopy_dataset_InvarBenchmark/aviad_true-termination_true-no-overflow-broken2.c_lasso_out,,,,,3.03,0.0,c_bench_nonterm,../EvolveTerm/data/aeval/c_bench_nonterm/aviad_true-termination_true-no-overflow-broken2.c
NarrowKonv_false-termination_true-no-overflow.c,MAYBE,,,Results/CPA_Outputs/Loopy_dataset_InvarBenchmark/NarrowKonv_false-termination_true-no-overflow.c_lasso_out,,,,,171.26,0.0,c_bench_nonterm,../EvolveTerm/data/aeval/c_bench_nonterm/NarrowKonv_false-termination_true-no-overflow.c
nterm_12_cex.c,NO,,,Results/CPA_Outputs/Loopy_dataset_InvarBenchmark/nterm_12_cex.c_lasso_out,,,,,1.31,0.0,c_bench_nonterm,../EvolveTerm/data/aeval/c_bench_nonterm/nterm_12_cex.c
Parallel_true-no-overflow_true-termination_true-valid-memsafety-modif.c,NO,,,Results/CPA_Outputs/Loopy_dataset_InvarBenchmark/Parallel_true-no-overflow_true-termination_true-valid-memsafety-modif.c_lasso_out,,,,,1.63,0.0,c_bench_nonterm,../EvolveTerm/data/aeval/c_bench_nonterm/Parallel_true-no-overflow_true-termination_true-valid-memsafety-modif.c
nonlin_mult_nonterm_2.c,NO,,,Results/CPA_Outputs/Loopy_dataset_InvarBenchmark/nonlin_mult_nonterm_2.c_lasso_out,,,,,1.31,0.0,c_bench_nonterm,../EvolveTerm/data/aeval/c_bench_nonterm/nonlin_mult_nonterm_2.c
Swingers_false-termination_true-no-overflow.c,MAYBE,,,Results/CPA_Outputs/Loopy_dataset_InvarBenchmark/Swingers_false-termination_true-no-overflow.c_lasso_out,,,,,1.6,0.0,c_bench_nonterm,../EvolveTerm/data/aeval/c_bench_nonterm/Swingers_false-termination_true-no-overflow.c
Flip2_false-termination_true-no-overflow.c,MAYBE,,,Results/CPA_Outputs/Loopy_dataset_InvarBenchmark/Flip2_false-termination_true-no-overflow.c_lasso_out,,,,,1.47,0.0,c_bench_nonterm,../EvolveTerm/data/aeval/c_bench_nonterm/Flip2_false-termination_true-no-overflow.c
MirrorIntervSim_false-termination_true-no-overflow.c,NO,,,Results/CPA_Outputs/Loopy_dataset_InvarBenchmark/MirrorIntervSim_false-termination_true-no-overflow.c_lasso_out,,,,,1.4,0.0,c_bench_nonterm,../EvolveTerm/data/aeval/c_bench_nonterm/MirrorIntervSim_false-termination_true-no-overflow.c
nterm_ever_12.c,MAYBE,,,Results/CPA_Outputs/Loopy_dataset_InvarBenchmark/nterm_ever_12.c_lasso_out,,,,,167.03,0.0,c_bench_nonterm,../EvolveTerm/data/aeval/c_bench_nonterm/nterm_ever_12.c
nterm_ever_11.c,MAYBE,,,Results/CPA_Outputs/Loopy_dataset_InvarBenchmark/nterm_ever_11.c_lasso_out,,,,,169.04,0.0,c_bench_nonterm,../EvolveTerm/data/aeval/c_bench_nonterm/nterm_ever_11.c
determ_nterm_4.c,MAYBE,,,Results/CPA_Outputs/Loopy_dataset_InvarBenchmark/determ_nterm_4.c_lasso_out,,,,,1.68,0.0,c_bench_nonterm,../EvolveTerm/data/aeval/c_bench_nonterm/determ_nterm_4.c
DoubleNeg_false-no-overflow_false-termination.c,NO,,,Results/CPA_Outputs/Loopy_dataset_InvarBenchmark/DoubleNeg_false-no-overflow_false-termination.c_lasso_out,,,,,1.31,0.0,c_bench_nonterm,../EvolveTerm/data/aeval/c_bench_nonterm/DoubleNeg_false-no-overflow_false-termination.c
Nyala-2lex_true-no-overflow_true-termination_true-valid-memsafety-broken.c,NO,,,Results/CPA_Outputs/Loopy_dataset_InvarBenchmark/Nyala-2lex_true-no-overflow_true-termination_true-valid-memsafety-broken.c_lasso_out,,,,,1.51,0.0,c_bench_nonterm,../EvolveTerm/data/aeval/c_bench_nonterm/Nyala-2lex_true-no-overflow_true-termination_true-valid-memsafety-broken.c
Swingers_false-termination_true-no-overflow-version-2.c,MAYBE,,,Results/CPA_Outputs/Loopy_dataset_InvarBenchmark/Swingers_false-termination_true-no-overflow-version-2.c_lasso_out,,,,,1.5,0.0,c_bench_nonterm,../EvolveTerm/data/aeval/c_bench_nonterm/Swingers_false-termination_true-no-overflow-version-2.c
Sunset_false-termination_true-no-overflow.c,NO,,,Results/CPA_Outputs/Loopy_dataset_InvarBenchmark/Sunset_false-termination_true-no-overflow.c_lasso_out,,,,,1.89,0.0,c_bench_nonterm,../EvolveTerm/data/aeval/c_bench_nonterm/Sunset_false-termination_true-no-overflow.c
PastaC10_false-no-overflow_false-termination.c,NO,,,Results/CPA_Outputs/Loopy_dataset_InvarBenchmark/PastaC10_false-no-overflow_false-termination.c_lasso_out,,,,,1.41,0.0,c_bench_nonterm,../EvolveTerm/data/aeval/c_bench_nonterm/PastaC10_false-no-overflow_false-termination.c
NO_22_false-termination_true-no-overflow.c,MAYBE,,,Results/CPA_Outputs/Loopy_dataset_InvarBenchmark/NO_22_false-termination_true-no-overflow.c_lasso_out,,,,,168.84,0.0,c_bench_nonterm,../EvolveTerm/data/aeval/c_bench_nonterm/NO_22_false-termination_true-no-overflow.c
nterm_04_cex.c,NO,,,Results/CPA_Outputs/Loopy_dataset_InvarBenchmark/nterm_04_cex.c_lasso_out,,,,,1.3,0.0,c_bench_nonterm,../EvolveTerm/data/aeval/c_bench_nonterm/nterm_04_cex.c
ChenFlurMukhopadhyay-SAS2012-Ex1.01_false-no-overflow-broken.c,NO,,,Results/CPA_Outputs/Loopy_dataset_InvarBenchmark/ChenFlurMukhopadhyay-SAS2012-Ex1.01_false-no-overflow-broken.c_lasso_out,,,,,1.29,0.0,c_bench_nonterm,../EvolveTerm/data/aeval/c_bench_nonterm/ChenFlurMukhopadhyay-SAS2012-Ex1.01_false-no-overflow-broken.c
AlternKonv_false-termination_true-no-overflow.c,NO,,,Results/CPA_Outputs/Loopy_dataset_InvarBenchmark/AlternKonv_false-termination_true-no-overflow.c_lasso_out,,,,,1.72,0.0,c_bench_nonterm,../EvolveTerm/data/aeval/c_bench_nonterm/AlternKonv_false-termination_true-no-overflow.c
HeizmannHoenickeLeikePodelski-ATVA2013-Fig5_true-termination_true-no-overflow-broken.c,NO,,,Results/CPA_Outputs/Loopy_dataset_InvarBenchmark/HeizmannHoenickeLeikePodelski-ATVA2013-Fig5_true-termination_true-no-overflow-broken.c_lasso_out,,,,,1.86,0.0,c_bench_nonterm,../EvolveTerm/data/aeval/c_bench_nonterm/HeizmannHoenickeLeikePodelski-ATVA2013-Fig5_true-termination_true-no-overflow-broken.c
Problem00_label00_true-unreach-call-nonterm-toy.c,NO,,,Results/CPA_Outputs/Loopy_dataset_InvarBenchmark/Problem00_label00_true-unreach-call-nonterm-toy.c_lasso_out,,,,,4.87,0.0,c_bench_nonterm,../EvolveTerm/data/aeval/c_bench_nonterm/Problem00_label00_true-unreach-call-nonterm-toy.c
nonlin_div_nonterm_2.c,MAYBE,,,Results/CPA_Outputs/Loopy_dataset_InvarBenchmark/nonlin_div_nonterm_2.c_lasso_out,,,,,7.17,0.0,c_bench_nonterm,../EvolveTerm/data/aeval/c_bench_nonterm/nonlin_div_nonterm_2.c
ComplInterv_false-no-overflow_false-termination.c,NO,,,Results/CPA_Outputs/Loopy_dataset_InvarBenchmark/ComplInterv_false-no-overflow_false-termination.c_lasso_out,,,,,1.34,0.0,c_bench_nonterm,../EvolveTerm/data/aeval/c_bench_nonterm/ComplInterv_false-no-overflow_false-termination.c
nterm_ever_05.c,MAYBE,,,Results/CPA_Outputs/Loopy_dataset_InvarBenchmark/nterm_ever_05.c_lasso_out,,,,,169.06,0.0,c_bench_nonterm,../EvolveTerm/data/aeval/c_bench_nonterm/nterm_ever_05.c
Et2_false-no-overflow_false-termination.c,NO,,,Results/CPA_Outputs/Loopy_dataset_InvarBenchmark/Et2_false-no-overflow_false-termination.c_lasso_out,,,,,1.31,0.0,c_bench_nonterm,../EvolveTerm/data/aeval/c_bench_nonterm/Et2_false-no-overflow_false-termination.c
nonlin_mult_nonterm_7.c,NO,,,Results/CPA_Outputs/Loopy_dataset_InvarBenchmark/nonlin_mult_nonterm_7.c_lasso_out,,,,,1.4,0.0,c_bench_nonterm,../EvolveTerm/data/aeval/c_bench_nonterm/nonlin_mult_nonterm_7.c
eca_core.c,MAYBE,,,Results/CPA_Outputs/Loopy_dataset_InvarBenchmark/eca_core.c_lasso_out,,,,,1.96,0.0,c_bench_nonterm,../EvolveTerm/data/aeval/c_bench_nonterm/eca_core.c
NonTerminationSimple8_false-termination_true-valid-memsafety-simplifed-2.c,NO,,,Results/CPA_Outputs/Loopy_dataset_InvarBenchmark/NonTerminationSimple8_false-termination_true-valid-memsafety-simplifed-2.c_lasso_out,,,,,1.37,0.0,c_bench_nonterm,../EvolveTerm/data/aeval/c_bench_nonterm/NonTerminationSimple8_false-termination_true-valid-memsafety-simplifed-2.c
choices_dec_4.c,MAYBE,,,Results/CPA_Outputs/Loopy_dataset_InvarBenchmark/choices_dec_4.c_lasso_out,,,,,21.67,0.0,c_bench_nonterm,../EvolveTerm/data/aeval/c_bench_nonterm/choices_dec_4.c
choices_eq_2_nondet.c,NO,,,Results/CPA_Outputs/Loopy_dataset_InvarBenchmark/choices_eq_2_nondet.c_lasso_out,,,,,1.38,0.0,c_bench_nonterm,../EvolveTerm/data/aeval/c_bench_nonterm/choices_eq_2_nondet.c
Ex08_false-termination_true-no-overflow-version2.c,TIMEOUT,Analysis timed out after 180 seconds,,Results/CPA_Outputs/Loopy_dataset_InvarBenchmark/Ex08_false-termination_true-no-overflow-version2.c_lasso_out,,,,,190.04,0.0,c_bench_nonterm,../EvolveTerm/data/aeval/c_bench_nonterm/Ex08_false-termination_true-no-overflow-version2.c
MenloPark_true-no-overflow_true-termination_true-valid-memsafety_modif_broken3.c,NO,,,Results/CPA_Outputs/Loopy_dataset_InvarBenchmark/MenloPark_true-no-overflow_true-termination_true-valid-memsafety_modif_broken3.c_lasso_out,,,,,1.91,0.0,c_bench_nonterm,../EvolveTerm/data/aeval/c_bench_nonterm/MenloPark_true-no-overflow_true-termination_true-valid-memsafety_modif_broken3.c
Lcm_false-no-overflow_false-termination.c,NO,,,Results/CPA_Outputs/Loopy_dataset_InvarBenchmark/Lcm_false-no-overflow_false-termination.c_lasso_out,,,,,1.35,0.0,c_bench_nonterm,../EvolveTerm/data/aeval/c_bench_nonterm/Lcm_false-no-overflow_false-termination.c
Factorial_false-no-overflow_false-termination.c,NO,,,Results/CPA_Outputs/Loopy_dataset_InvarBenchmark/Factorial_false-no-overflow_false-termination.c_lasso_out,,,,,1.32,0.0,c_bench_nonterm,../EvolveTerm/data/aeval/c_bench_nonterm/Factorial_false-no-overflow_false-termination.c
CookSeeZuleger-TACAS2013-Fig8a-modified-true-termination_true-no-overflow-broken-2.c,NO,,,Results/CPA_Outputs/Loopy_dataset_InvarBenchmark/CookSeeZuleger-TACAS2013-Fig8a-modified-true-termination_true-no-overflow-broken-2.c_lasso_out,,,,,1.72,0.0,c_bench_nonterm,../EvolveTerm/data/aeval/c_bench_nonterm/CookSeeZuleger-TACAS2013-Fig8a-modified-true-termination_true-no-overflow-broken-2.c
2Nested_false-termination_true-valid-memsafety.c,NO,,,Results/CPA_Outputs/Loopy_dataset_InvarBenchmark/2Nested_false-termination_true-valid-memsafety.c_lasso_out,,,,,1.3,0.0,c_bench_nonterm,../EvolveTerm/data/aeval/c_bench_nonterm/2Nested_false-termination_true-valid-memsafety.c
nonlin_mod_nonterm_2.c,MAYBE,,,Results/CPA_Outputs/Loopy_dataset_InvarBenchmark/nonlin_mod_nonterm_2.c_lasso_out,,,,,1.44,0.0,c_bench_nonterm,../EvolveTerm/data/aeval/c_bench_nonterm/nonlin_mod_nonterm_2.c
ChenFlurMukhopadhyay-SAS2012-Ex2.02_false-no-overflow.c,NO,,,Results/CPA_Outputs/Loopy_dataset_InvarBenchmark/ChenFlurMukhopadhyay-SAS2012-Ex2.02_false-no-overflow.c_lasso_out,,,,,1.29,0.0,c_bench_nonterm,../EvolveTerm/data/aeval/c_bench_nonterm/ChenFlurMukhopadhyay-SAS2012-Ex2.02_false-no-overflow.c
Singapore_plus_false-no-overflow.c,MAYBE,,,Results/CPA_Outputs/Loopy_dataset_InvarBenchmark/Singapore_plus_false-no-overflow.c_lasso_out,,,,,1.52,0.0,c_bench_nonterm,../EvolveTerm/data/aeval/c_bench_nonterm/Singapore_plus_false-no-overflow.c
choices_dec_2.c,NO,,,Results/CPA_Outputs/Loopy_dataset_InvarBenchmark/choices_dec_2.c_lasso_out,,,,,2.01,0.0,c_bench_nonterm,../EvolveTerm/data/aeval/c_bench_nonterm/choices_dec_2.c
c.07_true-termination_true-no-overflow-broken1.c,MAYBE,,,Results/CPA_Outputs/Loopy_dataset_InvarBenchmark/c.07_true-termination_true-no-overflow-broken1.c_lasso_out,,,,,1.49,0.0,c_bench_nonterm,../EvolveTerm/data/aeval/c_bench_nonterm/c.07_true-termination_true-no-overflow-broken1.c
ChenFlurMukhopadhyay-SAS2012-Ex2.11_false-termination.c,MAYBE,,,Results/CPA_Outputs/Loopy_dataset_InvarBenchmark/ChenFlurMukhopadhyay-SAS2012-Ex2.11_false-termination.c_lasso_out,,,,,1.46,0.0,c_bench_nonterm,../EvolveTerm/data/aeval/c_bench_nonterm/ChenFlurMukhopadhyay-SAS2012-Ex2.11_false-termination.c
nterm_11_cex.c,MAYBE,,,Results/CPA_Outputs/Loopy_dataset_InvarBenchmark/nterm_11_cex.c_lasso_out,,,,,1.48,0.0,c_bench_nonterm,../EvolveTerm/data/aeval/c_bench_nonterm/nterm_11_cex.c
CookSeeZuleger-TACAS2013-Fig8a-modified_true-termination_true-no-overflow-broken-4.c,NO,,,Results/CPA_Outputs/Loopy_dataset_InvarBenchmark/CookSeeZuleger-TACAS2013-Fig8a-modified_true-termination_true-no-overflow-broken-4.c_lasso_out,,,,,1.34,0.0,c_bench_nonterm,../EvolveTerm/data/aeval/c_bench_nonterm/CookSeeZuleger-TACAS2013-Fig8a-modified_true-termination_true-no-overflow-broken-4.c
nterm_24_cex.c,MAYBE,,,Results/CPA_Outputs/Loopy_dataset_InvarBenchmark/nterm_24_cex.c_lasso_out,,,,,1.83,0.0,c_bench_nonterm,../EvolveTerm/data/aeval/c_bench_nonterm/nterm_24_cex.c
ComplInterv2_false-termination_true-no-overflow.c,NO,,,Results/CPA_Outputs/Loopy_dataset_InvarBenchmark/ComplInterv2_false-termination_true-no-overflow.c_lasso_out,,,,,1.27,0.0,c_bench_nonterm,../EvolveTerm/data/aeval/c_bench_nonterm/ComplInterv2_false-termination_true-no-overflow.c
nonlin_mod_nonterm_1.c,NO,,,Results/CPA_Outputs/Loopy_dataset_InvarBenchmark/nonlin_mod_nonterm_1.c_lasso_out,,,,,1.37,0.0,c_bench_nonterm,../EvolveTerm/data/aeval/c_bench_nonterm/nonlin_mod_nonterm_1.c
Singapore_v1_false-termination_true-valid-memsafety.c,NO,,,Results/CPA_Outputs/Loopy_dataset_InvarBenchmark/Singapore_v1_false-termination_true-valid-memsafety.c_lasso_out,,,,,1.38,0.0,c_bench_nonterm,../EvolveTerm/data/aeval/c_bench_nonterm/Singapore_v1_false-termination_true-valid-memsafety.c
nonlin_div_nonterm_1.c,NO,,,Results/CPA_Outputs/Loopy_dataset_InvarBenchmark/nonlin_div_nonterm_1.c_lasso_out,,,,,1.42,0.0,c_bench_nonterm,../EvolveTerm/data/aeval/c_bench_nonterm/nonlin_div_nonterm_1.c
nterm_ever_13.c,TIMEOUT,Analysis timed out after 180 seconds,,Results/CPA_Outputs/Loopy_dataset_InvarBenchmark/nterm_ever_13.c_lasso_out,,,,,190.15,0.0,c_bench_nonterm,../EvolveTerm/data/aeval/c_bench_nonterm/nterm_ever_13.c
nonlin_mult_nonterm_6.c,NO,,,Results/CPA_Outputs/Loopy_dataset_InvarBenchmark/nonlin_mult_nonterm_6.c_lasso_out,,,,,1.43,0.0,c_bench_nonterm,../EvolveTerm/data/aeval/c_bench_nonterm/nonlin_mult_nonterm_6.c
NO_13_false-termination_true-no-overflow.c,MAYBE,,,Results/CPA_Outputs/Loopy_dataset_InvarBenchmark/NO_13_false-termination_true-no-overflow.c_lasso_out,,,,,169.93,0.0,c_bench_nonterm,../EvolveTerm/data/aeval/c_bench_nonterm/NO_13_false-termination_true-no-overflow.c
nterm_07_cex.c,NO,,,Results/CPA_Outputs/Loopy_dataset_InvarBenchmark/nterm_07_cex.c_lasso_out,,,,,1.63,0.0,c_bench_nonterm,../EvolveTerm/data/aeval/c_bench_nonterm/nterm_07_cex.c
nonlin_mult_nonterm_5.c,NO,,,Results/CPA_Outputs/Loopy_dataset_InvarBenchmark/nonlin_mult_nonterm_5.c_lasso_out,,,,,1.31,0.0,c_bench_nonterm,../EvolveTerm/data/aeval/c_bench_nonterm/nonlin_mult_nonterm_5.c
determ_nterm_1.c,NO,,,Results/CPA_Outputs/Loopy_dataset_InvarBenchmark/determ_nterm_1.c_lasso_out,,,,,1.64,0.0,c_bench_nonterm,../EvolveTerm/data/aeval/c_bench_nonterm/determ_nterm_1.c
UpAndDown_false-termination_true-no-overflow.c,NO,,,Results/CPA_Outputs/Loopy_dataset_InvarBenchmark/UpAndDown_false-termination_true-no-overflow.c_lasso_out,,,,,89.7,0.0,c_bench_nonterm,../EvolveTerm/data/aeval/c_bench_nonterm/UpAndDown_false-termination_true-no-overflow.c
3pieces_Caterina_TACAS16_nonterm.c,NO,,,Results/CPA_Outputs/Loopy_dataset_InvarBenchmark/3pieces_Caterina_TACAS16_nonterm.c_lasso_out,,,,,1.3,0.0,c_bench_nonterm,../EvolveTerm/data/aeval/c_bench_nonterm/3pieces_Caterina_TACAS16_nonterm.c
Masse-alloca_true-termination-broken.c,MAYBE,,,Results/CPA_Outputs/Loopy_dataset_InvarBenchmark/Masse-alloca_true-termination-broken.c_lasso_out,,,,,1.41,0.0,c_bench_nonterm,../EvolveTerm/data/aeval/c_bench_nonterm/Masse-alloca_true-termination-broken.c
nterm_06_cex.c,MAYBE,,,Results/CPA_Outputs/Loopy_dataset_InvarBenchmark/nterm_06_cex.c_lasso_out,,,,,2.36,0.0,c_bench_nonterm,../EvolveTerm/data/aeval/c_bench_nonterm/nterm_06_cex.c
nterm_ever_01.c,MAYBE,,,Results/CPA_Outputs/Loopy_dataset_InvarBenchmark/nterm_ever_01.c_lasso_out,,,,,1.44,0.0,c_bench_nonterm,../EvolveTerm/data/aeval/c_bench_nonterm/nterm_ever_01.c
nterm_17_cex.c,NO,,,Results/CPA_Outputs/Loopy_dataset_InvarBenchmark/nterm_17_cex.c_lasso_out,,,,,1.59,0.0,c_bench_nonterm,../EvolveTerm/data/aeval/c_bench_nonterm/nterm_17_cex.c
choices_div_2.c,MAYBE,,,Results/CPA_Outputs/Loopy_dataset_InvarBenchmark/choices_div_2.c_lasso_out,,,,,3.45,0.0,c_bench_nonterm,../EvolveTerm/data/aeval/c_bench_nonterm/choices_div_2.c
determ_nterm_3.c,NO,,,Results/CPA_Outputs/Loopy_dataset_InvarBenchmark/determ_nterm_3.c_lasso_out,,,,,1.83,0.0,c_bench_nonterm,../EvolveTerm/data/aeval/c_bench_nonterm/determ_nterm_3.c
nterm_09_cex.c,NO,,,Results/CPA_Outputs/Loopy_dataset_InvarBenchmark/nterm_09_cex.c_lasso_out,,,,,1.33,0.0,c_bench_nonterm,../EvolveTerm/data/aeval/c_bench_nonterm/nterm_09_cex.c
Cairo_nondet_false-no-overflow.c,NO,,,Results/CPA_Outputs/Loopy_dataset_InvarBenchmark/Cairo_nondet_false-no-overflow.c_lasso_out,,,,,1.28,0.0,c_bench_nonterm,../EvolveTerm/data/aeval/c_bench_nonterm/Cairo_nondet_false-no-overflow.c
WhileSingle_false-termination_true-no-overflow.c,NO,,,Results/CPA_Outputs/Loopy_dataset_InvarBenchmark/WhileSingle_false-termination_true-no-overflow.c_lasso_out,,,,,1.28,0.0,c_bench_nonterm,../EvolveTerm/data/aeval/c_bench_nonterm/WhileSingle_false-termination_true-no-overflow.c
nterm_ever_15.c,NO,,,Results/CPA_Outputs/Loopy_dataset_InvarBenchmark/nterm_ever_15.c_lasso_out,,,,,1.83,0.0,c_bench_nonterm,../EvolveTerm/data/aeval/c_bench_nonterm/nterm_ever_15.c
PodelskiRybalchenko-TACAS2011-broken-Fig3_true-termination.c,MAYBE,,,Results/CPA_Outputs/Loopy_dataset_InvarBenchmark/PodelskiRybalchenko-TACAS2011-broken-Fig3_true-termination.c_lasso_out,,,,,4.61,0.0,c_bench_nonterm,../EvolveTerm/data/aeval/c_bench_nonterm/PodelskiRybalchenko-TACAS2011-broken-Fig3_true-termination.c
NonTermination2_false-no-overflow.c,MAYBE,,,Results/CPA_Outputs/Loopy_dataset_InvarBenchmark/NonTermination2_false-no-overflow.c_lasso_out,,,,,1.43,0.0,c_bench_nonterm,../EvolveTerm/data/aeval/c_bench_nonterm/NonTermination2_false-no-overflow.c
ChenFlurMukhopadhyay-SAS2012-Ex2.17_false-termination.c,NO,,,Results/CPA_Outputs/Loopy_dataset_InvarBenchmark/ChenFlurMukhopadhyay-SAS2012-Ex2.17_false-termination.c_lasso_out,,,,,1.32,0.0,c_bench_nonterm,../EvolveTerm/data/aeval/c_bench_nonterm/ChenFlurMukhopadhyay-SAS2012-Ex2.17_false-termination.c
NonTerminationSimple8_false-termination_true-valid-memsafety-simplifed-1.c,NO,,,Results/CPA_Outputs/Loopy_dataset_InvarBenchmark/NonTerminationSimple8_false-termination_true-valid-memsafety-simplifed-1.c_lasso_out,,,,,1.4,0.0,c_bench_nonterm,../EvolveTerm/data/aeval/c_bench_nonterm/NonTerminationSimple8_false-termination_true-valid-memsafety-simplifed-1.c
nterm_03_cex.c,NO,,,Results/CPA_Outputs/Loopy_dataset_InvarBenchmark/nterm_03_cex.c_lasso_out,,,,,1.32,0.0,c_bench_nonterm,../EvolveTerm/data/aeval/c_bench_nonterm/nterm_03_cex.c
AlternDivWidening_false-no-overflow_false-termination-simplified.c,MAYBE,,,Results/CPA_Outputs/Loopy_dataset_InvarBenchmark/AlternDivWidening_false-no-overflow_false-termination-simplified.c_lasso_out,,,,,1.77,0.0,c_bench_nonterm,../EvolveTerm/data/aeval/c_bench_nonterm/AlternDivWidening_false-no-overflow_false-termination-simplified.c
DoublePos_false-no-overflow_false-termination.c,NO,,,Results/CPA_Outputs/Loopy_dataset_InvarBenchmark/DoublePos_false-no-overflow_false-termination.c_lasso_out,,,,,1.33,0.0,c_bench_nonterm,../EvolveTerm/data/aeval/c_bench_nonterm/DoublePos_false-no-overflow_false-termination.c
Middle_false-no-overflow_false-termination.c,NO,,,Results/CPA_Outputs/Loopy_dataset_InvarBenchmark/Middle_false-no-overflow_false-termination.c_lasso_out,,,,,1.35,0.0,c_bench_nonterm,../EvolveTerm/data/aeval/c_bench_nonterm/Middle_false-no-overflow_false-termination.c
c.07_true-termination_true-no-overflow-broken2.c,NO,,,Results/CPA_Outputs/Loopy_dataset_InvarBenchmark/c.07_true-termination_true-no-overflow-broken2.c_lasso_out,,,,,1.39,0.0,c_bench_nonterm,../EvolveTerm/data/aeval/c_bench_nonterm/c.07_true-termination_true-no-overflow-broken2.c
Bangalore_v3_false-termination_true-valid-memsafety.c,NO,,,Results/CPA_Outputs/Loopy_dataset_InvarBenchmark/Bangalore_v3_false-termination_true-valid-memsafety.c_lasso_out,,,,,1.31,0.0,c_bench_nonterm,../EvolveTerm/data/aeval/c_bench_nonterm/Bangalore_v3_false-termination_true-valid-memsafety.c
BradleyMannaSipma-ICALP2005-Fig1_true-termination-broken2.c,NO,,,Results/CPA_Outputs/Loopy_dataset_InvarBenchmark/BradleyMannaSipma-ICALP2005-Fig1_true-termination-broken2.c_lasso_out,,,,,1.44,0.0,c_bench_nonterm,../EvolveTerm/data/aeval/c_bench_nonterm/BradleyMannaSipma-ICALP2005-Fig1_true-termination-broken2.c
HarrisLalNoriRajamani-SAS2010-Fig2_false-no-overflow.c,NO,,,Results/CPA_Outputs/Loopy_dataset_InvarBenchmark/HarrisLalNoriRajamani-SAS2010-Fig2_false-no-overflow.c_lasso_out,,,,,1.57,0.0,c_bench_nonterm,../EvolveTerm/data/aeval/c_bench_nonterm/HarrisLalNoriRajamani-SAS2010-Fig2_false-no-overflow.c
ChenFlurMukhopadhyay-SAS2012-Ex2.03_false-no-overflow.c,NO,,,Results/CPA_Outputs/Loopy_dataset_InvarBenchmark/ChenFlurMukhopadhyay-SAS2012-Ex2.03_false-no-overflow.c_lasso_out,,,,,1.3,0.0,c_bench_nonterm,../EvolveTerm/data/aeval/c_bench_nonterm/ChenFlurMukhopadhyay-SAS2012-Ex2.03_false-no-overflow.c
nterm_ever_10.c,NO,,,Results/CPA_Outputs/Loopy_dataset_InvarBenchmark/nterm_ever_10.c_lasso_out,,,,,1.95,0.0,c_bench_nonterm,../EvolveTerm/data/aeval/c_bench_nonterm/nterm_ever_10.c
ChenFlurMukhopadhyay-SAS2012-Ex2.15_false-no-overflow.c,NO,,,Results/CPA_Outputs/Loopy_dataset_InvarBenchmark/ChenFlurMukhopadhyay-SAS2012-Ex2.15_false-no-overflow.c_lasso_out,,,,,1.37,0.0,c_bench_nonterm,../EvolveTerm/data/aeval/c_bench_nonterm/ChenFlurMukhopadhyay-SAS2012-Ex2.15_false-no-overflow.c
nterm_ever_06.c,NO,,,Results/CPA_Outputs/Loopy_dataset_InvarBenchmark/nterm_ever_06.c_lasso_out,,,,,1.46,0.0,c_bench_nonterm,../EvolveTerm/data/aeval/c_bench_nonterm/nterm_ever_06.c
Flip_false-termination_true-no-overflow.c,MAYBE,,,Results/CPA_Outputs/Loopy_dataset_InvarBenchmark/Flip_false-termination_true-no-overflow.c_lasso_out,,,,,1.86,0.0,c_bench_nonterm,../EvolveTerm/data/aeval/c_bench_nonterm/Flip_false-termination_true-no-overflow.c
nterm_21_cex.c,MAYBE,,,Results/CPA_Outputs/Loopy_dataset_InvarBenchmark/nterm_21_cex.c_lasso_out,,,,,1.5,0.0,c_bench_nonterm,../EvolveTerm/data/aeval/c_bench_nonterm/nterm_21_cex.c
Singapore_v2_false-termination_true-valid-memsafety.c,MAYBE,,,Results/CPA_Outputs/Loopy_dataset_InvarBenchmark/Singapore_v2_false-termination_true-valid-memsafety.c_lasso_out,,,,,39.46,0.0,c_bench_nonterm,../EvolveTerm/data/aeval/c_bench_nonterm/Singapore_v2_false-termination_true-valid-memsafety.c
Gauss_false-no-overflow_false-termination.c,NO,,,Results/CPA_Outputs/Loopy_dataset_InvarBenchmark/Gauss_false-no-overflow_false-termination.c_lasso_out,,,,,1.33,0.0,c_bench_nonterm,../EvolveTerm/data/aeval/c_bench_nonterm/Gauss_false-no-overflow_false-termination.c
nonlin_choices_2.c,MAYBE,,,Results/CPA_Outputs/Loopy_dataset_InvarBenchmark/nonlin_choices_2.c_lasso_out,,,,,1.53,0.0,c_bench_nonterm,../EvolveTerm/data/aeval/c_bench_nonterm/nonlin_choices_2.c
Ex08_false-termination_true-no-overflow-version1.c,MAYBE,,,Results/CPA_Outputs/Loopy_dataset_InvarBenchmark/Ex08_false-termination_true-no-overflow-version1.c_lasso_out,,,,,186.22,0.0,c_bench_nonterm,../EvolveTerm/data/aeval/c_bench_nonterm/Ex08_false-termination_true-no-overflow-version1.c
NonTerminationSimple7_true-no-overflow_false-termination_true-valid-memsafety-version.c,NO,,,Results/CPA_Outputs/Loopy_dataset_InvarBenchmark/NonTerminationSimple7_true-no-overflow_false-termination_true-valid-memsafety-version.c_lasso_out,,,,,1.28,0.0,c_bench_nonterm,../EvolveTerm/data/aeval/c_bench_nonterm/NonTerminationSimple7_true-no-overflow_false-termination_true-valid-memsafety-version.c
HeizmannHoenickeLeikePodelski-ATVA2013-Fig2_true-termination-broken.c,NO,,,Results/CPA_Outputs/Loopy_dataset_InvarBenchmark/HeizmannHoenickeLeikePodelski-ATVA2013-Fig2_true-termination-broken.c_lasso_out,,,,,2.04,0.0,c_bench_nonterm,../EvolveTerm/data/aeval/c_bench_nonterm/HeizmannHoenickeLeikePodelski-ATVA2013-Fig2_true-termination-broken.c
ChenFlurMukhopadhyay-SAS2012-Ex3.06_false-termination.c,NO,,,Results/CPA_Outputs/Loopy_dataset_InvarBenchmark/ChenFlurMukhopadhyay-SAS2012-Ex3.06_false-termination.c_lasso_out,,,,,1.33,0.0,c_bench_nonterm,../EvolveTerm/data/aeval/c_bench_nonterm/ChenFlurMukhopadhyay-SAS2012-Ex3.06_false-termination.c
choices_eq_2.c,MAYBE,,,Results/CPA_Outputs/Loopy_dataset_InvarBenchmark/choices_eq_2.c_lasso_out,,,,,5.35,0.0,c_bench_nonterm,../EvolveTerm/data/aeval/c_bench_nonterm/choices_eq_2.c
NonTerminationSimple9_false-no-overflow-version.c,NO,,,Results/CPA_Outputs/Loopy_dataset_InvarBenchmark/NonTerminationSimple9_false-no-overflow-version.c_lasso_out,,,,,1.32,0.0,c_bench_nonterm,../EvolveTerm/data/aeval/c_bench_nonterm/NonTerminationSimple9_false-no-overflow-version.c
Singapore_false-no-overflow-broken2.c,MAYBE,,,Results/CPA_Outputs/Loopy_dataset_InvarBenchmark/Singapore_false-no-overflow-broken2.c_lasso_out,,,,,1.49,0.0,c_bench_nonterm,../EvolveTerm/data/aeval/c_bench_nonterm/Singapore_false-no-overflow-broken2.c
nterm_10_cex.c,MAYBE,,,Results/CPA_Outputs/Loopy_dataset_InvarBenchmark/nterm_10_cex.c_lasso_out,,,,,2.2,0.0,c_bench_nonterm,../EvolveTerm/data/aeval/c_bench_nonterm/nterm_10_cex.c
nterm_ever_03.c,NO,,,Results/CPA_Outputs/Loopy_dataset_InvarBenchmark/nterm_ever_03.c_lasso_out,,,,,1.62,0.0,c_bench_nonterm,../EvolveTerm/data/aeval/c_bench_nonterm/nterm_ever_03.c
aaron3_false-no-overflow-simpl.c,NO,,,Results/CPA_Outputs/Loopy_dataset_InvarBenchmark/aaron3_false-no-overflow-simpl.c_lasso_out,,,,,1.31,0.0,c_bench_nonterm,../EvolveTerm/data/aeval/c_bench_nonterm/aaron3_false-no-overflow-simpl.c
nterm_15_cex.c,NO,,,Results/CPA_Outputs/Loopy_dataset_InvarBenchmark/nterm_15_cex.c_lasso_out,,,,,1.44,0.0,c_bench_nonterm,../EvolveTerm/data/aeval/c_bench_nonterm/nterm_15_cex.c
Ben-Amram-2010LMCS-Ex2.3-alloca_true-termination-broken4.c,NO,,,Results/CPA_Outputs/Loopy_dataset_InvarBenchmark/Ben-Amram-2010LMCS-Ex2.3-alloca_true-termination-broken4.c_lasso_out,,,,,1.38,0.0,c_bench_nonterm,../EvolveTerm/data/aeval/c_bench_nonterm/Ben-Amram-2010LMCS-Ex2.3-alloca_true-termination-broken4.c
nterm_ever_08.c,MAYBE,,,Results/CPA_Outputs/Loopy_dataset_InvarBenchmark/nterm_ever_08.c_lasso_out,,,,,1.34,0.0,c_bench_nonterm,../EvolveTerm/data/aeval/c_bench_nonterm/nterm_ever_08.c
nterm_13_cex.c,NO,,,Results/CPA_Outputs/Loopy_dataset_InvarBenchmark/nterm_13_cex.c_lasso_out,,,,,1.75,0.0,c_bench_nonterm,../EvolveTerm/data/aeval/c_bench_nonterm/nterm_13_cex.c
NonTerminationSimple7_true-no-overflow_false-termination_true-valid-memsafety.c,NO,,,Results/CPA_Outputs/Loopy_dataset_InvarBenchmark/NonTerminationSimple7_true-no-overflow_false-termination_true-valid-memsafety.c_lasso_out,,,,,1.27,0.0,c_bench_nonterm,../EvolveTerm/data/aeval/c_bench_nonterm/NonTerminationSimple7_true-no-overflow_false-termination_true-valid-memsafety.c
nterm_22_cex.c,MAYBE,,,Results/CPA_Outputs/Loopy_dataset_InvarBenchmark/nterm_22_cex.c_lasso_out,,,,,3.21,0.0,c_bench_nonterm,../EvolveTerm/data/aeval/c_bench_nonterm/nterm_22_cex.c
CookSeeZuleger-TACAS2013-Fig8a-modified-true-termination_true-no-overflow-broken-1.c,MAYBE,,,Results/CPA_Outputs/Loopy_dataset_InvarBenchmark/CookSeeZuleger-TACAS2013-Fig8a-modified-true-termination_true-no-overflow-broken-1.c_lasso_out,,,,,1.45,0.0,c_bench_nonterm,../EvolveTerm/data/aeval/c_bench_nonterm/CookSeeZuleger-TACAS2013-Fig8a-modified-true-termination_true-no-overflow-broken-1.c
ChenFlurMukhopadhyay-SAS2012-Ex2.14_false-no-overflow.c,NO,,,Results/CPA_Outputs/Loopy_dataset_InvarBenchmark/ChenFlurMukhopadhyay-SAS2012-Ex2.14_false-no-overflow.c_lasso_out,,,,,1.31,0.0,c_bench_nonterm,../EvolveTerm/data/aeval/c_bench_nonterm/ChenFlurMukhopadhyay-SAS2012-Ex2.14_false-no-overflow.c
BradleyMannaSipma-ICALP2005-Fig1_true-termination-broken1.c,NO,,,Results/CPA_Outputs/Loopy_dataset_InvarBenchmark/BradleyMannaSipma-ICALP2005-Fig1_true-termination-broken1.c_lasso_out,,,,,1.53,0.0,c_bench_nonterm,../EvolveTerm/data/aeval/c_bench_nonterm/BradleyMannaSipma-ICALP2005-Fig1_true-termination-broken1.c
choices_dec_3.c,MAYBE,,,Results/CPA_Outputs/Loopy_dataset_InvarBenchmark/choices_dec_3.c_lasso_out,,,,,8.8,0.0,c_bench_nonterm,../EvolveTerm/data/aeval/c_bench_nonterm/choices_dec_3.c
ChawdharyCookGulwaniSagivYang-ESOP2008-aaron6_true-termination-broken.c,NO,,,Results/CPA_Outputs/Loopy_dataset_InvarBenchmark/ChawdharyCookGulwaniSagivYang-ESOP2008-aaron6_true-termination-broken.c_lasso_out,,,,,1.43,0.0,c_bench_nonterm,../EvolveTerm/data/aeval/c_bench_nonterm/ChawdharyCookGulwaniSagivYang-ESOP2008-aaron6_true-termination-broken.c
NonTerminationSimple9_false-no-overflow.c,NO,,,Results/CPA_Outputs/Loopy_dataset_InvarBenchmark/NonTerminationSimple9_false-no-overflow.c_lasso_out,,,,,1.28,0.0,c_bench_nonterm,../EvolveTerm/data/aeval/c_bench_nonterm/NonTerminationSimple9_false-no-overflow.c
nterm_08_cex.c,MAYBE,,,Results/CPA_Outputs/Loopy_dataset_InvarBenchmark/nterm_08_cex.c_lasso_out,,,,,2.78,0.0,c_bench_nonterm,../EvolveTerm/data/aeval/c_bench_nonterm/nterm_08_cex.c
DivWithoutMinus_false-no-overflow_false-termination.c,NO,,,Results/CPA_Outputs/Loopy_dataset_InvarBenchmark/DivWithoutMinus_false-no-overflow_false-termination.c_lasso_out,,,,,1.68,0.0,c_bench_nonterm,../EvolveTerm/data/aeval/c_bench_nonterm/DivWithoutMinus_false-no-overflow_false-termination.c
nterm_05_cex.c,MAYBE,,,Results/CPA_Outputs/Loopy_dataset_InvarBenchmark/nterm_05_cex.c_lasso_out,,,,,3.53,0.0,c_bench_nonterm,../EvolveTerm/data/aeval/c_bench_nonterm/nterm_05_cex.c
Singapore_false-no-overflow-broken.c,NO,,,Results/CPA_Outputs/Loopy_dataset_InvarBenchmark/Singapore_false-no-overflow-broken.c_lasso_out,,,,,1.34,0.0,c_bench_nonterm,../EvolveTerm/data/aeval/c_bench_nonterm/Singapore_false-no-overflow-broken.c
PodelskiRybalchenko-2004VMCAI-Ex2-alloca_false-termination.c,MAYBE,,,Results/CPA_Outputs/Loopy_dataset_InvarBenchmark/PodelskiRybalchenko-2004VMCAI-Ex2-alloca_false-termination.c_lasso_out,,,,,1.37,0.0,c_bench_nonterm,../EvolveTerm/data/aeval/c_bench_nonterm/PodelskiRybalchenko-2004VMCAI-Ex2-alloca_false-termination.c
NonTermination2_false-no-overflow-version.c,NO,,,Results/CPA_Outputs/Loopy_dataset_InvarBenchmark/NonTermination2_false-no-overflow-version.c_lasso_out,,,,,1.33,0.0,c_bench_nonterm,../EvolveTerm/data/aeval/c_bench_nonterm/NonTermination2_false-no-overflow-version.c
nterm_18_cex.c,NO,,,Results/CPA_Outputs/Loopy_dataset_InvarBenchmark/nterm_18_cex.c_lasso_out,,,,,1.85,0.0,c_bench_nonterm,../EvolveTerm/data/aeval/c_bench_nonterm/nterm_18_cex.c
nterm_ever_17.c,NO,,,Results/CPA_Outputs/Loopy_dataset_InvarBenchmark/nterm_ever_17.c_lasso_out,,,,,2.88,0.0,c_bench_nonterm,../EvolveTerm/data/aeval/c_bench_nonterm/nterm_ever_17.c
Ben-Amram-2010LMCS-Ex2.3-alloca_true-termination-broken3.c,NO,,,Results/CPA_Outputs/Loopy_dataset_InvarBenchmark/Ben-Amram-2010LMCS-Ex2.3-alloca_true-termination-broken3.c_lasso_out,,,,,1.62,0.0,c_bench_nonterm,../EvolveTerm/data/aeval/c_bench_nonterm/Ben-Amram-2010LMCS-Ex2.3-alloca_true-termination-broken3.c
nterm_23_cex.c,MAYBE,,,Results/CPA_Outputs/Loopy_dataset_InvarBenchmark/nterm_23_cex.c_lasso_out,,,,,2.03,0.0,c_bench_nonterm,../EvolveTerm/data/aeval/c_bench_nonterm/nterm_23_cex.c
PodelskiRybalchenko-2004VMCAI-Ex2-alloca_false-termination-modif1.c,MAYBE,,,Results/CPA_Outputs/Loopy_dataset_InvarBenchmark/PodelskiRybalchenko-2004VMCAI-Ex2-alloca_false-termination-modif1.c_lasso_out,,,,,1.45,0.0,c_bench_nonterm,../EvolveTerm/data/aeval/c_bench_nonterm/PodelskiRybalchenko-2004VMCAI-Ex2-alloca_false-termination-modif1.c
ChenFlurMukhopadhyay-SAS2012-Ex2.05_false-termination.c,NO,,,Results/CPA_Outputs/Loopy_dataset_InvarBenchmark/ChenFlurMukhopadhyay-SAS2012-Ex2.05_false-termination.c_lasso_out,,,,,1.92,0.0,c_bench_nonterm,../EvolveTerm/data/aeval/c_bench_nonterm/ChenFlurMukhopadhyay-SAS2012-Ex2.05_false-termination.c
MenloPark_true-no-overflow_true-termination_true-valid-memsafety_modif_broken2.c,NO,,,Results/CPA_Outputs/Loopy_dataset_InvarBenchmark/MenloPark_true-no-overflow_true-termination_true-valid-memsafety_modif_broken2.c_lasso_out,,,,,2.51,0.0,c_bench_nonterm,../EvolveTerm/data/aeval/c_bench_nonterm/MenloPark_true-no-overflow_true-termination_true-valid-memsafety_modif_broken2.c
NonTerminationSimple5_false-termination_true-valid-memsafety-version.c,MAYBE,,,Results/CPA_Outputs/Loopy_dataset_InvarBenchmark/NonTerminationSimple5_false-termination_true-valid-memsafety-version.c_lasso_out,,,,,2.06,0.0,c_bench_nonterm,../EvolveTerm/data/aeval/c_bench_nonterm/NonTerminationSimple5_false-termination_true-valid-memsafety-version.c
Ben-Amram-2010LMCS-Ex2.3-alloca_true-termination-broken2.c,NO,,,Results/CPA_Outputs/Loopy_dataset_InvarBenchmark/Ben-Amram-2010LMCS-Ex2.3-alloca_true-termination-broken2.c_lasso_out,,,,,1.68,0.0,c_bench_nonterm,../EvolveTerm/data/aeval/c_bench_nonterm/Ben-Amram-2010LMCS-Ex2.3-alloca_true-termination-broken2.c
AlternDivWidening_false-no-overflow_false-termination.c,NO,,,Results/CPA_Outputs/Loopy_dataset_InvarBenchmark/AlternDivWidening_false-no-overflow_false-termination.c_lasso_out,,,,,1.78,0.0,c_bench_nonterm,../EvolveTerm/data/aeval/c_bench_nonterm/AlternDivWidening_false-no-overflow_false-termination.c
nterm_ever_18.c,MAYBE,,,Results/CPA_Outputs/Loopy_dataset_InvarBenchmark/nterm_ever_18.c_lasso_out,,,,,7.79,0.0,c_bench_nonterm,../EvolveTerm/data/aeval/c_bench_nonterm/nterm_ever_18.c
nterm_25_cex.c,NO,,,Results/CPA_Outputs/Loopy_dataset_InvarBenchmark/nterm_25_cex.c_lasso_out,,,,,2.2,0.0,c_bench_nonterm,../EvolveTerm/data/aeval/c_bench_nonterm/nterm_25_cex.c
nterm_02_cex.c,NO,,,Results/CPA_Outputs/Loopy_dataset_InvarBenchmark/nterm_02_cex.c_lasso_out,,,,,1.4,0.0,c_bench_nonterm,../EvolveTerm/data/aeval/c_bench_nonterm/nterm_02_cex.c
Ex08_false-termination_true-no-overflow.c,NO,,,Results/CPA_Outputs/Loopy_dataset_InvarBenchmark/Ex08_false-termination_true-no-overflow.c_lasso_out,,,,,57.84,0.0,c_bench_nonterm,../EvolveTerm/data/aeval/c_bench_nonterm/Ex08_false-termination_true-no-overflow.c
NonTerminationSimple5_false-termination_true-valid-memsafety.c,MAYBE,,,Results/CPA_Outputs/Loopy_dataset_InvarBenchmark/NonTerminationSimple5_false-termination_true-valid-memsafety.c_lasso_out,,,,,2.09,0.0,c_bench_nonterm,../EvolveTerm/data/aeval/c_bench_nonterm/NonTerminationSimple5_false-termination_true-valid-memsafety.c
nonlin_mult_nonterm_3.c,NO,,,Results/CPA_Outputs/Loopy_dataset_InvarBenchmark/nonlin_mult_nonterm_3.c_lasso_out,,,,,1.33,0.0,c_bench_nonterm,../EvolveTerm/data/aeval/c_bench_nonterm/nonlin_mult_nonterm_3.c
nterm_ever_09.c,NO,,,Results/CPA_Outputs/Loopy_dataset_InvarBenchmark/nterm_ever_09.c_lasso_out,,,,,1.84,0.0,c_bench_nonterm,../EvolveTerm/data/aeval/c_bench_nonterm/nterm_ever_09.c
MenloPark_true-no-overflow_true-termination_true-valid-memsafety_modif_broken1.c,MAYBE,,,Results/CPA_Outputs/Loopy_dataset_InvarBenchmark/MenloPark_true-no-overflow_true-termination_true-valid-memsafety_modif_broken1.c_lasso_out,,,,,1.48,0.0,c_bench_nonterm,../EvolveTerm/data/aeval/c_bench_nonterm/MenloPark_true-no-overflow_true-termination_true-valid-memsafety_modif_broken1.c
nterm_26_cex.c,NO,,,Results/CPA_Outputs/Loopy_dataset_InvarBenchmark/nterm_26_cex.c_lasso_out,,,,,1.57,0.0,c_bench_nonterm,../EvolveTerm/data/aeval/c_bench_nonterm/nterm_26_cex.c
choices_div_1.c,MAYBE,,,Results/CPA_Outputs/Loopy_dataset_InvarBenchmark/choices_div_1.c_lasso_out,,,,,3.29,0.0,c_bench_nonterm,../EvolveTerm/data/aeval/c_bench_nonterm/choices_div_1.c
nonlin_mult_nonterm_1.c,NO,,,Results/CPA_Outputs/Loopy_dataset_InvarBenchmark/nonlin_mult_nonterm_1.c_lasso_out,,,,,1.31,0.0,c_bench_nonterm,../EvolveTerm/data/aeval/c_bench_nonterm/nonlin_mult_nonterm_1.c
nterm_20_cex.c,MAYBE,,,Results/CPA_Outputs/Loopy_dataset_InvarBenchmark/nterm_20_cex.c_lasso_out,,,,,4.35,0.0,c_bench_nonterm,../EvolveTerm/data/aeval/c_bench_nonterm/nterm_20_cex.c
nterm_ever_16.c,MAYBE,,,Results/CPA_Outputs/Loopy_dataset_InvarBenchmark/nterm_ever_16.c_lasso_out,,,,,2.67,0.0,c_bench_nonterm,../EvolveTerm/data/aeval/c_bench_nonterm/nterm_ever_16.c
ConvLower_false-termination_true-no-overflow.c,NO,,,Results/CPA_Outputs/Loopy_dataset_InvarBenchmark/ConvLower_false-termination_true-no-overflow.c_lasso_out,,,,,1.27,0.0,c_bench_nonterm,../EvolveTerm/data/aeval/c_bench_nonterm/ConvLower_false-termination_true-no-overflow.c
Narrowing_false-termination_true-no-overflow.c,FAILED,,,Results/CPA_Outputs/Loopy_dataset_InvarBenchmark/Narrowing_false-termination_true-no-overflow.c_lasso_out,,,,,186.41,0.0,c_bench_nonterm,../EvolveTerm/data/aeval/c_bench_nonterm/Narrowing_false-termination_true-no-overflow.c
HeizmannHoenickeLeikePodelski-ATVA2013-Fig8_true-termination-broken.c,NO,,,Results/CPA_Outputs/Loopy_dataset_InvarBenchmark/HeizmannHoenickeLeikePodelski-ATVA2013-Fig8_true-termination-broken.c_lasso_out,,,,,1.31,0.0,c_bench_nonterm,../EvolveTerm/data/aeval/c_bench_nonterm/HeizmannHoenickeLeikePodelski-ATVA2013-Fig8_true-termination-broken.c
Ben-Amram-2010LMCS-Ex2.3-alloca_true-termination-broken1.c,NO,,,Results/CPA_Outputs/Loopy_dataset_InvarBenchmark/Ben-Amram-2010LMCS-Ex2.3-alloca_true-termination-broken1.c_lasso_out,,,,,1.4,0.0,c_bench_nonterm,../EvolveTerm/data/aeval/c_bench_nonterm/Ben-Amram-2010LMCS-Ex2.3-alloca_true-termination-broken1.c
UpAndDownIneq_false-termination_true-no-overflow.c,NO,,,Results/CPA_Outputs/Loopy_dataset_InvarBenchmark/UpAndDownIneq_false-termination_true-no-overflow.c_lasso_out,,,,,94.72,0.0,c_bench_nonterm,../EvolveTerm/data/aeval/c_bench_nonterm/UpAndDownIneq_false-termination_true-no-overflow.c
nterm_16_cex.c,NO,,,Results/CPA_Outputs/Loopy_dataset_InvarBenchmark/nterm_16_cex.c_lasso_out,,,,,1.46,0.0,c_bench_nonterm,../EvolveTerm/data/aeval/c_bench_nonterm/nterm_16_cex.c
Urban-WST2013-Fig1_false-termination_true-no-overflow.c,NO,,,Results/CPA_Outputs/Loopy_dataset_InvarBenchmark/Urban-WST2013-Fig1_false-termination_true-no-overflow.c_lasso_out,,,,,1.3,0.0,c_bench_nonterm,../EvolveTerm/data/aeval/c_bench_nonterm/Urban-WST2013-Fig1_false-termination_true-no-overflow.c
nterm_ever_04.c,MAYBE,,,Results/CPA_Outputs/Loopy_dataset_InvarBenchmark/nterm_ever_04.c_lasso_out,,,,,2.1,0.0,c_bench_nonterm,../EvolveTerm/data/aeval/c_bench_nonterm/nterm_ever_04.c
Cairo_step2_false-no-overflow.c,NO,,,Results/CPA_Outputs/Loopy_dataset_InvarBenchmark/Cairo_step2_false-no-overflow.c_lasso_out,,,,,1.57,0.0,c_bench_nonterm,../EvolveTerm/data/aeval/c_bench_nonterm/Cairo_step2_false-no-overflow.c
aviad_true-termination_true-no-overflow-version3.c,YES,,,Results/CPA_Outputs/Loopy_dataset_InvarBenchmark/aviad_true-termination_true-no-overflow-version3.c_lasso_out,,,,,2.82,0.0,c_bench_term,../EvolveTerm/data/aeval/c_bench_term/aviad_true-termination_true-no-overflow-version3.c
term_27.c,TIMEOUT,Analysis timed out after 180 seconds,,Results/CPA_Outputs/Loopy_dataset_InvarBenchmark/term_27.c_lasso_out,,,,,190.12,0.0,c_bench_term,../EvolveTerm/data/aeval/c_bench_term/term_27.c
term_10.c,YES,,,Results/CPA_Outputs/Loopy_dataset_InvarBenchmark/term_10.c_lasso_out,,,,,2.24,0.0,c_bench_term,../EvolveTerm/data/aeval/c_bench_term/term_10.c
PodelskiRybalchenko-LICS2004-Fig2_true-termination-simpl.c,YES,,,Results/CPA_Outputs/Loopy_dataset_InvarBenchmark/PodelskiRybalchenko-LICS2004-Fig2_true-termination-simpl.c_lasso_out,,,,,1.49,0.0,c_bench_term,../EvolveTerm/data/aeval/c_bench_term/PodelskiRybalchenko-LICS2004-Fig2_true-termination-simpl.c
PodelskiRybalchenko-LICS2004-Fig2_true-termination-modif2.c,YES,,,Results/CPA_Outputs/Loopy_dataset_InvarBenchmark/PodelskiRybalchenko-LICS2004-Fig2_true-termination-modif2.c_lasso_out,,,,,2.43,0.0,c_bench_term,../EvolveTerm/data/aeval/c_bench_term/PodelskiRybalchenko-LICS2004-Fig2_true-termination-modif2.c
Ben-Amram-2010LMCS-Ex2.3-alloca_true-termination-modified2.c,MAYBE,,,Results/CPA_Outputs/Loopy_dataset_InvarBenchmark/Ben-Amram-2010LMCS-Ex2.3-alloca_true-termination-modified2.c_lasso_out,,,,,1.53,0.0,c_bench_term,../EvolveTerm/data/aeval/c_bench_term/Ben-Amram-2010LMCS-Ex2.3-alloca_true-termination-modified2.c
ChenFlurMukhopadhyay-SAS2012-Ex1.01_false-no-overflow.c,MAYBE,,,Results/CPA_Outputs/Loopy_dataset_InvarBenchmark/ChenFlurMukhopadhyay-SAS2012-Ex1.01_false-no-overflow.c_lasso_out,,,,,1.35,0.0,c_bench_term,../EvolveTerm/data/aeval/c_bench_term/ChenFlurMukhopadhyay-SAS2012-Ex1.01_false-no-overflow.c
ChenFlurMukhopadhyay-SAS2012-Ex1.02_false-no-overflow.c,YES,,,Results/CPA_Outputs/Loopy_dataset_InvarBenchmark/ChenFlurMukhopadhyay-SAS2012-Ex1.02_false-no-overflow.c_lasso_out,,,,,1.45,0.0,c_bench_term,../EvolveTerm/data/aeval/c_bench_term/ChenFlurMukhopadhyay-SAS2012-Ex1.02_false-no-overflow.c
for_bounded_loop1_false-unreach-call_true-termination-simplified.c,YES,,,Results/CPA_Outputs/Loopy_dataset_InvarBenchmark/for_bounded_loop1_false-unreach-call_true-termination-simplified.c_lasso_out,,,,,1.51,0.0,c_bench_term,../EvolveTerm/data/aeval/c_bench_term/for_bounded_loop1_false-unreach-call_true-termination-simplified.c
determ_term_8.c,MAYBE,,,Results/CPA_Outputs/Loopy_dataset_InvarBenchmark/determ_term_8.c_lasso_out,,,,,1.7,0.0,c_bench_term,../EvolveTerm/data/aeval/c_bench_term/determ_term_8.c
term_16.c,YES,,,Results/CPA_Outputs/Loopy_dataset_InvarBenchmark/term_16.c_lasso_out,,,,,3.06,0.0,c_bench_term,../EvolveTerm/data/aeval/c_bench_term/term_16.c
AliasDarteFeautrierGonnord-SAS2010-counterex1a_false-no-overflow.c,YES,,,Results/CPA_Outputs/Loopy_dataset_InvarBenchmark/AliasDarteFeautrierGonnord-SAS2010-counterex1a_false-no-overflow.c_lasso_out,,,,,2.7,0.0,c_bench_term,../EvolveTerm/data/aeval/c_bench_term/AliasDarteFeautrierGonnord-SAS2010-counterex1a_false-no-overflow.c
ChawdharyCookGulwaniSagivYang-ESOP2008-aaron12_false-no-overflow.c,NO,,,Results/CPA_Outputs/Loopy_dataset_InvarBenchmark/ChawdharyCookGulwaniSagivYang-ESOP2008-aaron12_false-no-overflow.c_lasso_out,,,,,1.79,0.0,c_bench_term,../EvolveTerm/data/aeval/c_bench_term/ChawdharyCookGulwaniSagivYang-ESOP2008-aaron12_false-no-overflow.c
Masse-VMCAI2014-Fig1a_true-termination.c,MAYBE,,,Results/CPA_Outputs/Loopy_dataset_InvarBenchmark/Masse-VMCAI2014-Fig1a_true-termination.c_lasso_out,,,,,1.53,0.0,c_bench_term,../EvolveTerm/data/aeval/c_bench_term/Masse-VMCAI2014-Fig1a_true-termination.c
HeizmannHoenickeLeikePodelski-ATVA2013-Fig8_true-termination.c,MAYBE,,,Results/CPA_Outputs/Loopy_dataset_InvarBenchmark/HeizmannHoenickeLeikePodelski-ATVA2013-Fig8_true-termination.c_lasso_out,,,,,1.34,0.0,c_bench_term,../EvolveTerm/data/aeval/c_bench_term/HeizmannHoenickeLeikePodelski-ATVA2013-Fig8_true-termination.c
Copenhagen_disj_true-termination_true-valid-memsafety.c,MAYBE,,,Results/CPA_Outputs/Loopy_dataset_InvarBenchmark/Copenhagen_disj_true-termination_true-valid-memsafety.c_lasso_out,,,,,168.63,0.0,c_bench_term,../EvolveTerm/data/aeval/c_bench_term/Copenhagen_disj_true-termination_true-valid-memsafety.c
Masse-VMCAI2014-Fig1b_true-termination.c,MAYBE,,,Results/CPA_Outputs/Loopy_dataset_InvarBenchmark/Masse-VMCAI2014-Fig1b_true-termination.c_lasso_out,,,,,1.49,0.0,c_bench_term,../EvolveTerm/data/aeval/c_bench_term/Masse-VMCAI2014-Fig1b_true-termination.c
ChenFlurMukhopadhyay-SAS2012-Ex2.13_true-termination.c,YES,,,Results/CPA_Outputs/Loopy_dataset_InvarBenchmark/ChenFlurMukhopadhyay-SAS2012-Ex2.13_true-termination.c_lasso_out,,,,,1.55,0.0,c_bench_term,../EvolveTerm/data/aeval/c_bench_term/ChenFlurMukhopadhyay-SAS2012-Ex2.13_true-termination.c
GulwaniJainKoskinen-PLDI2009-Fig1_true-termination.c,FAILED,,,Results/CPA_Outputs/Loopy_dataset_InvarBenchmark/GulwaniJainKoskinen-PLDI2009-Fig1_true-termination.c_lasso_out,,,,,187.04,0.0,c_bench_term,../EvolveTerm/data/aeval/c_bench_term/GulwaniJainKoskinen-PLDI2009-Fig1_true-termination.c
HeizmannHoenickeLeikePodelski-ATVA2013-Fig2_true-termination.c,YES,,,Results/CPA_Outputs/Loopy_dataset_InvarBenchmark/HeizmannHoenickeLeikePodelski-ATVA2013-Fig2_true-termination.c_lasso_out,,,,,5.55,0.0,c_bench_term,../EvolveTerm/data/aeval/c_bench_term/HeizmannHoenickeLeikePodelski-ATVA2013-Fig2_true-termination.c
nonlin_mod_term_2.c,MAYBE,,,Results/CPA_Outputs/Loopy_dataset_InvarBenchmark/nonlin_mod_term_2.c_lasso_out,,,,,1.44,0.0,c_bench_term,../EvolveTerm/data/aeval/c_bench_term/nonlin_mod_term_2.c
ChenFlurMukhopadhyay-SAS2012-Ex1.01_false-no-overflow-version2.c,MAYBE,,,Results/CPA_Outputs/Loopy_dataset_InvarBenchmark/ChenFlurMukhopadhyay-SAS2012-Ex1.01_false-no-overflow-version2.c_lasso_out,,,,,1.34,0.0,c_bench_term,../EvolveTerm/data/aeval/c_bench_term/ChenFlurMukhopadhyay-SAS2012-Ex1.01_false-no-overflow-version2.c
McCarthyIterative_true-termination_true-no-overflow.c,YES,,,Results/CPA_Outputs/Loopy_dataset_InvarBenchmark/McCarthyIterative_true-termination_true-no-overflow.c_lasso_out,,,,,5.3,0.0,c_bench_term,../EvolveTerm/data/aeval/c_bench_term/McCarthyIterative_true-termination_true-no-overflow.c
ChawdharyCookGulwaniSagivYang-ESOP2008-aaron6_true-termination.c,YES,,,Results/CPA_Outputs/Loopy_dataset_InvarBenchmark/ChawdharyCookGulwaniSagivYang-ESOP2008-aaron6_true-termination.c_lasso_out,,,,,1.56,0.0,c_bench_term,../EvolveTerm/data/aeval/c_bench_term/ChawdharyCookGulwaniSagivYang-ESOP2008-aaron6_true-termination.c
Pure3Phase_false-no-overflow.c,MAYBE,,,Results/CPA_Outputs/Loopy_dataset_InvarBenchmark/Pure3Phase_false-no-overflow.c_lasso_out,,,,,176.39,0.0,c_bench_term,../EvolveTerm/data/aeval/c_bench_term/Pure3Phase_false-no-overflow.c
c.07_true-termination_true-no-overflow.c,YES,,,Results/CPA_Outputs/Loopy_dataset_InvarBenchmark/c.07_true-termination_true-no-overflow.c_lasso_out,,,,,1.5,0.0,c_bench_term,../EvolveTerm/data/aeval/c_bench_term/c.07_true-termination_true-no-overflow.c
genady_true-termination_true-no-overflow.c,YES,,,Results/CPA_Outputs/Loopy_dataset_InvarBenchmark/genady_true-termination_true-no-overflow.c_lasso_out,,,,,1.51,0.0,c_bench_term,../EvolveTerm/data/aeval/c_bench_term/genady_true-termination_true-no-overflow.c
term_05.c,MAYBE,,,Results/CPA_Outputs/Loopy_dataset_InvarBenchmark/term_05.c_lasso_out,,,,,1.55,0.0,c_bench_term,../EvolveTerm/data/aeval/c_bench_term/term_05.c
b.11_true-termination_true-no-overflow-simpl.c,YES,,,Results/CPA_Outputs/Loopy_dataset_InvarBenchmark/b.11_true-termination_true-no-overflow-simpl.c_lasso_out,,,,,1.6,0.0,c_bench_term,../EvolveTerm/data/aeval/c_bench_term/b.11_true-termination_true-no-overflow-simpl.c
CookSeeZuleger-TACAS2013-Fig7a-true-termination_true-no-overflow.c,YES,,,Results/CPA_Outputs/Loopy_dataset_InvarBenchmark/CookSeeZuleger-TACAS2013-Fig7a-true-termination_true-no-overflow.c_lasso_out,,,,,2.11,0.0,c_bench_term,../EvolveTerm/data/aeval/c_bench_term/CookSeeZuleger-TACAS2013-Fig7a-true-termination_true-no-overflow.c
term_07.c,YES,,,Results/CPA_Outputs/Loopy_dataset_InvarBenchmark/term_07.c_lasso_out,,,,,2.02,0.0,c_bench_term,../EvolveTerm/data/aeval/c_bench_term/term_07.c
GulwaniJainKoskinen-PLDI2009-Fig1_true-termination-version1.c,FAILED,,,Results/CPA_Outputs/Loopy_dataset_InvarBenchmark/GulwaniJainKoskinen-PLDI2009-Fig1_true-termination-version1.c_lasso_out,,,,,186.07,0.0,c_bench_term,../EvolveTerm/data/aeval/c_bench_term/GulwaniJainKoskinen-PLDI2009-Fig1_true-termination-version1.c
term_21.c,MAYBE,,,Results/CPA_Outputs/Loopy_dataset_InvarBenchmark/term_21.c_lasso_out,,,,,4.22,0.0,c_bench_term,../EvolveTerm/data/aeval/c_bench_term/term_21.c
nonlin_mult_term_3.c,NO,,,Results/CPA_Outputs/Loopy_dataset_InvarBenchmark/nonlin_mult_term_3.c_lasso_out,,,,,1.39,0.0,c_bench_term,../EvolveTerm/data/aeval/c_bench_term/nonlin_mult_term_3.c
term_12.c,FAILED,,,Results/CPA_Outputs/Loopy_dataset_InvarBenchmark/term_12.c_lasso_out,,,,,188.49,0.0,c_bench_term,../EvolveTerm/data/aeval/c_bench_term/term_12.c
Masse-VMCAI2014-Fig1b_true-termination-version-2.c,MAYBE,,,Results/CPA_Outputs/Loopy_dataset_InvarBenchmark/Masse-VMCAI2014-Fig1b_true-termination-version-2.c_lasso_out,,,,,1.44,0.0,c_bench_term,../EvolveTerm/data/aeval/c_bench_term/Masse-VMCAI2014-Fig1b_true-termination-version-2.c
term_20.c,YES,,,Results/CPA_Outputs/Loopy_dataset_InvarBenchmark/term_20.c_lasso_out,,,,,1.51,0.0,c_bench_term,../EvolveTerm/data/aeval/c_bench_term/term_20.c
Nyala-2lex_true-no-overflow_true-termination_true-valid-memsafety.c,YES,,,Results/CPA_Outputs/Loopy_dataset_InvarBenchmark/Nyala-2lex_true-no-overflow_true-termination_true-valid-memsafety.c_lasso_out,,,,,1.66,0.0,c_bench_term,../EvolveTerm/data/aeval/c_bench_term/Nyala-2lex_true-no-overflow_true-termination_true-valid-memsafety.c
Singapore_false-no-overflow.c,YES,,,Results/CPA_Outputs/Loopy_dataset_InvarBenchmark/Singapore_false-no-overflow.c_lasso_out,,,,,1.58,0.0,c_bench_term,../EvolveTerm/data/aeval/c_bench_term/Singapore_false-no-overflow.c
nonlin_mult_term_9.c,NO,,,Results/CPA_Outputs/Loopy_dataset_InvarBenchmark/nonlin_mult_term_9.c_lasso_out,,,,,1.34,0.0,c_bench_term,../EvolveTerm/data/aeval/c_bench_term/nonlin_mult_term_9.c
transform_1.c,YES,,,Results/CPA_Outputs/Loopy_dataset_InvarBenchmark/transform_1.c_lasso_out,,,,,33.29,0.0,c_bench_term,../EvolveTerm/data/aeval/c_bench_term/transform_1.c
nonlin_mod_term_1.c,MAYBE,,,Results/CPA_Outputs/Loopy_dataset_InvarBenchmark/nonlin_mod_term_1.c_lasso_out,,,,,1.46,0.0,c_bench_term,../EvolveTerm/data/aeval/c_bench_term/nonlin_mod_term_1.c
ChenFlurMukhopadhyay-SAS2012-Ex1.01_false-no-overflow-version3.c,MAYBE,,,Results/CPA_Outputs/Loopy_dataset_InvarBenchmark/ChenFlurMukhopadhyay-SAS2012-Ex1.01_false-no-overflow-version3.c_lasso_out,,,,,1.44,0.0,c_bench_term,../EvolveTerm/data/aeval/c_bench_term/ChenFlurMukhopadhyay-SAS2012-Ex1.01_false-no-overflow-version3.c
AliasDarteFeautrierGonnord-SAS2010-speedpldi3_true-termination_true-no-overflow.c,YES,,,Results/CPA_Outputs/Loopy_dataset_InvarBenchmark/AliasDarteFeautrierGonnord-SAS2010-speedpldi3_true-termination_true-no-overflow.c_lasso_out,,,,,1.85,0.0,c_bench_term,../EvolveTerm/data/aeval/c_bench_term/AliasDarteFeautrierGonnord-SAS2010-speedpldi3_true-termination_true-no-overflow.c
3pieces_Caterina_TACAS16_modif_2.c,MAYBE,,,Results/CPA_Outputs/Loopy_dataset_InvarBenchmark/3pieces_Caterina_TACAS16_modif_2.c_lasso_out,,,,,1.71,0.0,c_bench_term,../EvolveTerm/data/aeval/c_bench_term/3pieces_Caterina_TACAS16_modif_2.c
determ_term_5.c,TIMEOUT,Analysis timed out after 180 seconds,,Results/CPA_Outputs/Loopy_dataset_InvarBenchmark/determ_term_5.c_lasso_out,,,,,190.14,0.0,c_bench_term,../EvolveTerm/data/aeval/c_bench_term/determ_term_5.c
term_29.c,YES,,,Results/CPA_Outputs/Loopy_dataset_InvarBenchmark/term_29.c_lasso_out,,,,,4.32,0.0,c_bench_term,../EvolveTerm/data/aeval/c_bench_term/term_29.c
ChenFlurMukhopadhyay-SAS2012-Ex2.06_false-no-overflow.c,MAYBE,,,Results/CPA_Outputs/Loopy_dataset_InvarBenchmark/ChenFlurMukhopadhyay-SAS2012-Ex2.06_false-no-overflow.c_lasso_out,,,,,1.39,0.0,c_bench_term,../EvolveTerm/data/aeval/c_bench_term/ChenFlurMukhopadhyay-SAS2012-Ex2.06_false-no-overflow.c
AliasDarteFeautrierGonnord-SAS2010-rsd_true-termination.c,YES,,,Results/CPA_Outputs/Loopy_dataset_InvarBenchmark/AliasDarteFeautrierGonnord-SAS2010-rsd_true-termination.c_lasso_out,,,,,51.36,0.0,c_bench_term,../EvolveTerm/data/aeval/c_bench_term/AliasDarteFeautrierGonnord-SAS2010-rsd_true-termination.c
HeizmannHoenickeLeikePodelski-ATVA2013-Fig2_true-termination-version.c,YES,,,Results/CPA_Outputs/Loopy_dataset_InvarBenchmark/HeizmannHoenickeLeikePodelski-ATVA2013-Fig2_true-termination-version.c_lasso_out,,,,,3.49,0.0,c_bench_term,../EvolveTerm/data/aeval/c_bench_term/HeizmannHoenickeLeikePodelski-ATVA2013-Fig2_true-termination-version.c
term_25.c,YES,,,Results/CPA_Outputs/Loopy_dataset_InvarBenchmark/term_25.c_lasso_out,,,,,1.84,0.0,c_bench_term,../EvolveTerm/data/aeval/c_bench_term/term_25.c
HeizmannHoenickeLeikePodelski-ATVA2013-Fig5_true-termination_true-no-overflow.c,MAYBE,,,Results/CPA_Outputs/Loopy_dataset_InvarBenchmark/HeizmannHoenickeLeikePodelski-ATVA2013-Fig5_true-termination_true-no-overflow.c_lasso_out,,,,,2.45,0.0,c_bench_term,../EvolveTerm/data/aeval/c_bench_term/HeizmannHoenickeLeikePodelski-ATVA2013-Fig5_true-termination_true-no-overflow.c
trex03_false-unreach-call_true-termination.c,YES,,,Results/CPA_Outputs/Loopy_dataset_InvarBenchmark/trex03_false-unreach-call_true-termination.c_lasso_out,,,,,2.43,0.0,c_bench_term,../EvolveTerm/data/aeval/c_bench_term/trex03_false-unreach-call_true-termination.c
GulwaniJainKoskinen-PLDI2009-Fig1_true-termination-version2.c,FAILED,,,Results/CPA_Outputs/Loopy_dataset_InvarBenchmark/GulwaniJainKoskinen-PLDI2009-Fig1_true-termination-version2.c_lasso_out,,,,,186.07,0.0,c_bench_term,../EvolveTerm/data/aeval/c_bench_term/GulwaniJainKoskinen-PLDI2009-Fig1_true-termination-version2.c
NoriSharma-2013FSE-Fig8-true-termination.c,YES,,,Results/CPA_Outputs/Loopy_dataset_InvarBenchmark/NoriSharma-2013FSE-Fig8-true-termination.c_lasso_out,,,,,1.72,0.0,c_bench_term,../EvolveTerm/data/aeval/c_bench_term/NoriSharma-2013FSE-Fig8-true-termination.c
term_26.c,YES,,,Results/CPA_Outputs/Loopy_dataset_InvarBenchmark/term_26.c_lasso_out,,,,,2.63,0.0,c_bench_term,../EvolveTerm/data/aeval/c_bench_term/term_26.c
determ_term_3.c,TIMEOUT,Analysis timed out after 180 seconds,,Results/CPA_Outputs/Loopy_dataset_InvarBenchmark/determ_term_3.c_lasso_out,,,,,190.12,0.0,c_bench_term,../EvolveTerm/data/aeval/c_bench_term/determ_term_3.c
PodelskiRybalchenko-LICS2004-Fig2_true-termination-modif1.c,YES,,,Results/CPA_Outputs/Loopy_dataset_InvarBenchmark/PodelskiRybalchenko-LICS2004-Fig2_true-termination-modif1.c_lasso_out,,,,,2.24,0.0,c_bench_term,../EvolveTerm/data/aeval/c_bench_term/PodelskiRybalchenko-LICS2004-Fig2_true-termination-modif1.c
aaron3_false-no-overflow-version.c,YES,,,Results/CPA_Outputs/Loopy_dataset_InvarBenchmark/aaron3_false-no-overflow-version.c_lasso_out,,,,,1.84,0.0,c_bench_term,../EvolveTerm/data/aeval/c_bench_term/aaron3_false-no-overflow-version.c
c.07_true-termination_true-no-overflow-simpl.c,YES,,,Results/CPA_Outputs/Loopy_dataset_InvarBenchmark/c.07_true-termination_true-no-overflow-simpl.c_lasso_out,,,,,1.56,0.0,c_bench_term,../EvolveTerm/data/aeval/c_bench_term/c.07_true-termination_true-no-overflow-simpl.c
nonlin_div_term_2.c,NO,,,Results/CPA_Outputs/Loopy_dataset_InvarBenchmark/nonlin_div_term_2.c_lasso_out,,,,,1.42,0.0,c_bench_term,../EvolveTerm/data/aeval/c_bench_term/nonlin_div_term_2.c
term_13.c,MAYBE,,,Results/CPA_Outputs/Loopy_dataset_InvarBenchmark/term_13.c_lasso_out,,,,,3.06,0.0,c_bench_term,../EvolveTerm/data/aeval/c_bench_term/term_13.c
term_23.c,MAYBE,,,Results/CPA_Outputs/Loopy_dataset_InvarBenchmark/term_23.c_lasso_out,,,,,1.91,0.0,c_bench_term,../EvolveTerm/data/aeval/c_bench_term/term_23.c
determ_term_7.c,MAYBE,,,Results/CPA_Outputs/Loopy_dataset_InvarBenchmark/determ_term_7.c_lasso_out,,,,,1.63,0.0,c_bench_term,../EvolveTerm/data/aeval/c_bench_term/determ_term_7.c
term_24.c,YES,,,Results/CPA_Outputs/Loopy_dataset_InvarBenchmark/term_24.c_lasso_out,,,,,2.57,0.0,c_bench_term,../EvolveTerm/data/aeval/c_bench_term/term_24.c
Thun_false-no-overflow.c,YES,,,Results/CPA_Outputs/Loopy_dataset_InvarBenchmark/Thun_false-no-overflow.c_lasso_out,,,,,1.45,0.0,c_bench_term,../EvolveTerm/data/aeval/c_bench_term/Thun_false-no-overflow.c
nonlin_mult_term_4.c,NO,,,Results/CPA_Outputs/Loopy_dataset_InvarBenchmark/nonlin_mult_term_4.c_lasso_out,,,,,1.35,0.0,c_bench_term,../EvolveTerm/data/aeval/c_bench_term/nonlin_mult_term_4.c
nonlin_mult_term_1.c,NO,,,Results/CPA_Outputs/Loopy_dataset_InvarBenchmark/nonlin_mult_term_1.c_lasso_out,,,,,1.28,0.0,c_bench_term,../EvolveTerm/data/aeval/c_bench_term/nonlin_mult_term_1.c
aaron3_false-no-overflow.c,YES,,,Results/CPA_Outputs/Loopy_dataset_InvarBenchmark/aaron3_false-no-overflow.c_lasso_out,,,,,4.22,0.0,c_bench_term,../EvolveTerm/data/aeval/c_bench_term/aaron3_false-no-overflow.c
ChenFlurMukhopadhyay-SAS2012-Ex1.01_false-no-overflow-version6.c,MAYBE,,,Results/CPA_Outputs/Loopy_dataset_InvarBenchmark/ChenFlurMukhopadhyay-SAS2012-Ex1.01_false-no-overflow-version6.c_lasso_out,,,,,1.41,0.0,c_bench_term,../EvolveTerm/data/aeval/c_bench_term/ChenFlurMukhopadhyay-SAS2012-Ex1.01_false-no-overflow-version6.c
ChenFlurMukhopadhyay-SAS2012-Ex1.01_false-no-overflow-version5.c,NO,,,Results/CPA_Outputs/Loopy_dataset_InvarBenchmark/ChenFlurMukhopadhyay-SAS2012-Ex1.01_false-no-overflow-version5.c_lasso_out,,,,,1.32,0.0,c_bench_term,../EvolveTerm/data/aeval/c_bench_term/ChenFlurMukhopadhyay-SAS2012-Ex1.01_false-no-overflow-version5.c
Toulouse-BranchesToLoop-alloca_true-termination.c,YES,,,Results/CPA_Outputs/Loopy_dataset_InvarBenchmark/Toulouse-BranchesToLoop-alloca_true-termination.c_lasso_out,,,,,1.79,0.0,c_bench_term,../EvolveTerm/data/aeval/c_bench_term/Toulouse-BranchesToLoop-alloca_true-termination.c
nonlin_mult_term_5.c,NO,,,Results/CPA_Outputs/Loopy_dataset_InvarBenchmark/nonlin_mult_term_5.c_lasso_out,,,,,1.3,0.0,c_bench_term,../EvolveTerm/data/aeval/c_bench_term/nonlin_mult_term_5.c
AliasDarteFeautrierGonnord-SAS2010-cousot9_true-termination_true-no-overflow.c,YES,,,Results/CPA_Outputs/Loopy_dataset_InvarBenchmark/AliasDarteFeautrierGonnord-SAS2010-cousot9_true-termination_true-no-overflow.c_lasso_out,,,,,1.66,0.0,c_bench_term,../EvolveTerm/data/aeval/c_bench_term/AliasDarteFeautrierGonnord-SAS2010-cousot9_true-termination_true-no-overflow.c
TelAviv-Amir-Minimum-alloca_true-termination.c,YES,,,Results/CPA_Outputs/Loopy_dataset_InvarBenchmark/TelAviv-Amir-Minimum-alloca_true-termination.c_lasso_out,,,,,1.81,0.0,c_bench_term,../EvolveTerm/data/aeval/c_bench_term/TelAviv-Amir-Minimum-alloca_true-termination.c
Copenhagen_disj_true_version.c,YES,,,Results/CPA_Outputs/Loopy_dataset_InvarBenchmark/Copenhagen_disj_true_version.c_lasso_out,,,,,136.42,0.0,c_bench_term,../EvolveTerm/data/aeval/c_bench_term/Copenhagen_disj_true_version.c
nonlin_jump_over_1_term.c,MAYBE,,,Results/CPA_Outputs/Loopy_dataset_InvarBenchmark/nonlin_jump_over_1_term.c_lasso_out,,,,,2.35,0.0,c_bench_term,../EvolveTerm/data/aeval/c_bench_term/nonlin_jump_over_1_term.c
term_18.c,MAYBE,,,Results/CPA_Outputs/Loopy_dataset_InvarBenchmark/term_18.c_lasso_out,,,,,167.43,0.0,c_bench_term,../EvolveTerm/data/aeval/c_bench_term/term_18.c
PodelskiRybalchenko-simpl3.c,YES,,,Results/CPA_Outputs/Loopy_dataset_InvarBenchmark/PodelskiRybalchenko-simpl3.c_lasso_out,,,,,1.81,0.0,c_bench_term,../EvolveTerm/data/aeval/c_bench_term/PodelskiRybalchenko-simpl3.c
determ_term_6.c,MAYBE,,,Results/CPA_Outputs/Loopy_dataset_InvarBenchmark/determ_term_6.c_lasso_out,,,,,5.28,0.0,c_bench_term,../EvolveTerm/data/aeval/c_bench_term/determ_term_6.c
term_28.c,YES,,,Results/CPA_Outputs/Loopy_dataset_InvarBenchmark/term_28.c_lasso_out,,,,,1.6,0.0,c_bench_term,../EvolveTerm/data/aeval/c_bench_term/term_28.c
ChenFlurMukhopadhyay-SAS2012-Ex4.01_false-no-overflow.c,YES,,,Results/CPA_Outputs/Loopy_dataset_InvarBenchmark/ChenFlurMukhopadhyay-SAS2012-Ex4.01_false-no-overflow.c_lasso_out,,,,,1.81,0.0,c_bench_term,../EvolveTerm/data/aeval/c_bench_term/ChenFlurMukhopadhyay-SAS2012-Ex4.01_false-no-overflow.c
nonlin_div_term_1.c,MAYBE,,,Results/CPA_Outputs/Loopy_dataset_InvarBenchmark/nonlin_div_term_1.c_lasso_out,,,,,8.78,0.0,c_bench_term,../EvolveTerm/data/aeval/c_bench_term/nonlin_div_term_1.c
ChenFlurMukhopadhyay-SAS2012-Ex1.01_false-no-overflow-version4.c,MAYBE,,,Results/CPA_Outputs/Loopy_dataset_InvarBenchmark/ChenFlurMukhopadhyay-SAS2012-Ex1.01_false-no-overflow-version4.c_lasso_out,,,,,1.44,0.0,c_bench_term,../EvolveTerm/data/aeval/c_bench_term/ChenFlurMukhopadhyay-SAS2012-Ex1.01_false-no-overflow-version4.c
3pieces_Caterina_TACAS16_modif_3.c,MAYBE,,,Results/CPA_Outputs/Loopy_dataset_InvarBenchmark/3pieces_Caterina_TACAS16_modif_3.c_lasso_out,,,,,1.47,0.0,c_bench_term,../EvolveTerm/data/aeval/c_bench_term/3pieces_Caterina_TACAS16_modif_3.c
ChenFlurMukhopadhyay-SAS2012-Ex4.01_false-no-overflow-version2.c,MAYBE,,,Results/CPA_Outputs/Loopy_dataset_InvarBenchmark/ChenFlurMukhopadhyay-SAS2012-Ex4.01_false-no-overflow-version2.c_lasso_out,,,,,1.68,0.0,c_bench_term,../EvolveTerm/data/aeval/c_bench_term/ChenFlurMukhopadhyay-SAS2012-Ex4.01_false-no-overflow-version2.c
Masse-VMCAI2014-Fig1b_true-termination-version-1.c,MAYBE,,,Results/CPA_Outputs/Loopy_dataset_InvarBenchmark/Masse-VMCAI2014-Fig1b_true-termination-version-1.c_lasso_out,,,,,1.36,0.0,c_bench_term,../EvolveTerm/data/aeval/c_bench_term/Masse-VMCAI2014-Fig1b_true-termination-version-1.c
MenloPark_true-no-overflow_true-termination_true-valid-memsafety-modif.c,YES,,,Results/CPA_Outputs/Loopy_dataset_InvarBenchmark/MenloPark_true-no-overflow_true-termination_true-valid-memsafety-modif.c_lasso_out,,,,,1.69,0.0,c_bench_term,../EvolveTerm/data/aeval/c_bench_term/MenloPark_true-no-overflow_true-termination_true-valid-memsafety-modif.c
nonlin_mult_term_2.c,NO,,,Results/CPA_Outputs/Loopy_dataset_InvarBenchmark/nonlin_mult_term_2.c_lasso_out,,,,,1.31,0.0,c_bench_term,../EvolveTerm/data/aeval/c_bench_term/nonlin_mult_term_2.c
Parallel_true-no-overflow_true-termination_true-valid-memsafety.c,YES,,,Results/CPA_Outputs/Loopy_dataset_InvarBenchmark/Parallel_true-no-overflow_true-termination_true-valid-memsafety.c_lasso_out,,,,,1.54,0.0,c_bench_term,../EvolveTerm/data/aeval/c_bench_term/Parallel_true-no-overflow_true-termination_true-valid-memsafety.c
Ben-Amram-2010LMCS-Ex2.3-alloca_true-termination.c,YES,,,Results/CPA_Outputs/Loopy_dataset_InvarBenchmark/Ben-Amram-2010LMCS-Ex2.3-alloca_true-termination.c_lasso_out,,,,,1.89,0.0,c_bench_term,../EvolveTerm/data/aeval/c_bench_term/Ben-Amram-2010LMCS-Ex2.3-alloca_true-termination.c
nonlin_mult_term_6.c,NO,,,Results/CPA_Outputs/Loopy_dataset_InvarBenchmark/nonlin_mult_term_6.c_lasso_out,,,,,1.31,0.0,c_bench_term,../EvolveTerm/data/aeval/c_bench_term/nonlin_mult_term_6.c
BradleyMannaSipma-ICALP2005-Fig1_true-termination.c,YES,,,Results/CPA_Outputs/Loopy_dataset_InvarBenchmark/BradleyMannaSipma-ICALP2005-Fig1_true-termination.c_lasso_out,,,,,2.67,0.0,c_bench_term,../EvolveTerm/data/aeval/c_bench_term/BradleyMannaSipma-ICALP2005-Fig1_true-termination.c
term_11.c,YES,,,Results/CPA_Outputs/Loopy_dataset_InvarBenchmark/term_11.c_lasso_out,,,,,2.0,0.0,c_bench_term,../EvolveTerm/data/aeval/c_bench_term/term_11.c
ChawdharyCookGulwaniSagivYang-ESOP2008-aaron4_true-termination.c,MAYBE,,,Results/CPA_Outputs/Loopy_dataset_InvarBenchmark/ChawdharyCookGulwaniSagivYang-ESOP2008-aaron4_true-termination.c_lasso_out,,,,,176.23,0.0,c_bench_term,../EvolveTerm/data/aeval/c_bench_term/ChawdharyCookGulwaniSagivYang-ESOP2008-aaron4_true-termination.c
nonlin_mod_term_3.c,MAYBE,,,Results/CPA_Outputs/Loopy_dataset_InvarBenchmark/nonlin_mod_term_3.c_lasso_out,,,,,1.46,0.0,c_bench_term,../EvolveTerm/data/aeval/c_bench_term/nonlin_mod_term_3.c
determ_term_1.c,YES,,,Results/CPA_Outputs/Loopy_dataset_InvarBenchmark/determ_term_1.c_lasso_out,,,,,2.17,0.0,c_bench_term,../EvolveTerm/data/aeval/c_bench_term/determ_term_1.c
ChenFlurMukhopadhyay-SAS2012-Ex4.01_false-no-overflow-version1.c,YES,,,Results/CPA_Outputs/Loopy_dataset_InvarBenchmark/ChenFlurMukhopadhyay-SAS2012-Ex4.01_false-no-overflow-version1.c_lasso_out,,,,,1.59,0.0,c_bench_term,../EvolveTerm/data/aeval/c_bench_term/ChenFlurMukhopadhyay-SAS2012-Ex4.01_false-no-overflow-version1.c
nonlin_mod_term_4.c,YES,,,Results/CPA_Outputs/Loopy_dataset_InvarBenchmark/nonlin_mod_term_4.c_lasso_out,,,,,1.74,0.0,c_bench_term,../EvolveTerm/data/aeval/c_bench_term/nonlin_mod_term_4.c
Mysore_false-no-overflow.c,YES,,,Results/CPA_Outputs/Loopy_dataset_InvarBenchmark/Mysore_false-no-overflow.c_lasso_out,,,,,1.44,0.0,c_bench_term,../EvolveTerm/data/aeval/c_bench_term/Mysore_false-no-overflow.c
3pieces_Caterina_TACAS16.c,MAYBE,,,Results/CPA_Outputs/Loopy_dataset_InvarBenchmark/3pieces_Caterina_TACAS16.c_lasso_out,,,,,3.34,0.0,c_bench_term,../EvolveTerm/data/aeval/c_bench_term/3pieces_Caterina_TACAS16.c
min_rf-alloca_true-termination.c,YES,,,Results/CPA_Outputs/Loopy_dataset_InvarBenchmark/min_rf-alloca_true-termination.c_lasso_out,,,,,1.86,0.0,c_bench_term,../EvolveTerm/data/aeval/c_bench_term/min_rf-alloca_true-termination.c
Nyala-2lex_true-no-overflow_true-termination_true-valid-memsafety-version.c,MAYBE,,,Results/CPA_Outputs/Loopy_dataset_InvarBenchmark/Nyala-2lex_true-no-overflow_true-termination_true-valid-memsafety-version.c_lasso_out,,,,,1.44,0.0,c_bench_term,../EvolveTerm/data/aeval/c_bench_term/Nyala-2lex_true-no-overflow_true-termination_true-valid-memsafety-version.c
MenloPark_true-no-overflow_true-termination_true-valid-memsafety.c,YES,,,Results/CPA_Outputs/Loopy_dataset_InvarBenchmark/MenloPark_true-no-overflow_true-termination_true-valid-memsafety.c_lasso_out,,,,,1.8,0.0,c_bench_term,../EvolveTerm/data/aeval/c_bench_term/MenloPark_true-no-overflow_true-termination_true-valid-memsafety.c
CookSeeZuleger-TACAS2013-Fig8a-modified_true-termination_true-no-overflow.c,YES,,,Results/CPA_Outputs/Loopy_dataset_InvarBenchmark/CookSeeZuleger-TACAS2013-Fig8a-modified_true-termination_true-no-overflow.c_lasso_out,,,,,1.55,0.0,c_bench_term,../EvolveTerm/data/aeval/c_bench_term/CookSeeZuleger-TACAS2013-Fig8a-modified_true-termination_true-no-overflow.c
b.11_true-termination_true-no-overflow.c,YES,,,Results/CPA_Outputs/Loopy_dataset_InvarBenchmark/b.11_true-termination_true-no-overflow.c_lasso_out,,,,,1.67,0.0,c_bench_term,../EvolveTerm/data/aeval/c_bench_term/b.11_true-termination_true-no-overflow.c
aviad_true-termination_true-no-overflow.c,YES,,,Results/CPA_Outputs/Loopy_dataset_InvarBenchmark/aviad_true-termination_true-no-overflow.c_lasso_out,,,,,2.69,0.0,c_bench_term,../EvolveTerm/data/aeval/c_bench_term/aviad_true-termination_true-no-overflow.c
term_08.c,YES,,,Results/CPA_Outputs/Loopy_dataset_InvarBenchmark/term_08.c_lasso_out,,,,,1.17,0.0,c_bench_term,../EvolveTerm/data/aeval/c_bench_term/term_08.c
eca_bounded_core.c,MAYBE,,,Results/CPA_Outputs/Loopy_dataset_InvarBenchmark/eca_bounded_core.c_lasso_out,,,,,13.92,0.0,c_bench_term,../EvolveTerm/data/aeval/c_bench_term/eca_bounded_core.c
PodelskiRybalchenko-TACAS2011-Fig4_true-termination_true-no-overflow.c,YES,,,Results/CPA_Outputs/Loopy_dataset_InvarBenchmark/PodelskiRybalchenko-TACAS2011-Fig4_true-termination_true-no-overflow.c_lasso_out,,,,,1.76,0.0,c_bench_term,../EvolveTerm/data/aeval/c_bench_term/PodelskiRybalchenko-TACAS2011-Fig4_true-termination_true-no-overflow.c
term_02.c,FAILED,,,Results/CPA_Outputs/Loopy_dataset_InvarBenchmark/term_02.c_lasso_out,,,,,0.56,0.0,c_bench_term,../EvolveTerm/data/aeval/c_bench_term/term_02.c
PodelskiRybalchenko-simpl1.c,MAYBE,,,Results/CPA_Outputs/Loopy_dataset_InvarBenchmark/PodelskiRybalchenko-simpl1.c_lasso_out,,,,,1.41,0.0,c_bench_term,../EvolveTerm/data/aeval/c_bench_term/PodelskiRybalchenko-simpl1.c
nonlin_mult_term_7.c,NO,,,Results/CPA_Outputs/Loopy_dataset_InvarBenchmark/nonlin_mult_term_7.c_lasso_out,,,,,1.51,0.0,c_bench_term,../EvolveTerm/data/aeval/c_bench_term/nonlin_mult_term_7.c
PodelskiRybalchenko-simpl2.c,YES,,,Results/CPA_Outputs/Loopy_dataset_InvarBenchmark/PodelskiRybalchenko-simpl2.c_lasso_out,,,,,1.77,0.0,c_bench_term,../EvolveTerm/data/aeval/c_bench_term/PodelskiRybalchenko-simpl2.c
Gothenburg_v4_false-no-overflow.c,MAYBE,,,Results/CPA_Outputs/Loopy_dataset_InvarBenchmark/Gothenburg_v4_false-no-overflow.c_lasso_out,,,,,2.96,0.0,c_bench_term,../EvolveTerm/data/aeval/c_bench_term/Gothenburg_v4_false-no-overflow.c
4NestedWith2Variables_false-no-overflow.c,MAYBE,,,Results/CPA_Outputs/Loopy_dataset_InvarBenchmark/4NestedWith2Variables_false-no-overflow.c_lasso_out,,,,,1.47,0.0,c_bench_term,../EvolveTerm/data/aeval/c_bench_term/4NestedWith2Variables_false-no-overflow.c
PodelskiRybalchenko-VMCAI2004-Ex1_false-no-overflow-version.c,YES,,,Results/CPA_Outputs/Loopy_dataset_InvarBenchmark/PodelskiRybalchenko-VMCAI2004-Ex1_false-no-overflow-version.c_lasso_out,,,,,1.65,0.0,c_bench_term,../EvolveTerm/data/aeval/c_bench_term/PodelskiRybalchenko-VMCAI2004-Ex1_false-no-overflow-version.c
HeizmannHoenickeLeikePodelski-ATVA2013-Fig9_true-termination-version.c,MAYBE,,,Results/CPA_Outputs/Loopy_dataset_InvarBenchmark/HeizmannHoenickeLeikePodelski-ATVA2013-Fig9_true-termination-version.c_lasso_out,,,,,1.38,0.0,c_bench_term,../EvolveTerm/data/aeval/c_bench_term/HeizmannHoenickeLeikePodelski-ATVA2013-Fig9_true-termination-version.c
determ_term_2.c,YES,,,Results/CPA_Outputs/Loopy_dataset_InvarBenchmark/determ_term_2.c_lasso_out,,,,,141.42,0.0,c_bench_term,../EvolveTerm/data/aeval/c_bench_term/determ_term_2.c
ChenFlurMukhopadhyay-SAS2012-Ex1.01_false-no-overflow-version1.c,MAYBE,,,Results/CPA_Outputs/Loopy_dataset_InvarBenchmark/ChenFlurMukhopadhyay-SAS2012-Ex1.01_false-no-overflow-version1.c_lasso_out,,,,,1.36,0.0,c_bench_term,../EvolveTerm/data/aeval/c_bench_term/ChenFlurMukhopadhyay-SAS2012-Ex1.01_false-no-overflow-version1.c
b.10_true-termination_true-no-overflow.c,YES,,,Results/CPA_Outputs/Loopy_dataset_InvarBenchmark/b.10_true-termination_true-no-overflow.c_lasso_out,,,,,1.67,0.0,c_bench_term,../EvolveTerm/data/aeval/c_bench_term/b.10_true-termination_true-no-overflow.c
HeizmannHoenickeLeikePodelski-ATVA2013-Fig5_true-termination_true-no-overflow-version.c,MAYBE,,,Results/CPA_Outputs/Loopy_dataset_InvarBenchmark/HeizmannHoenickeLeikePodelski-ATVA2013-Fig5_true-termination_true-no-overflow-version.c_lasso_out,,,,,2.45,0.0,c_bench_term,../EvolveTerm/data/aeval/c_bench_term/HeizmannHoenickeLeikePodelski-ATVA2013-Fig5_true-termination_true-no-overflow-version.c
term_01.c,YES,,,Results/CPA_Outputs/Loopy_dataset_InvarBenchmark/term_01.c_lasso_out,,,,,1.49,0.0,c_bench_term,../EvolveTerm/data/aeval/c_bench_term/term_01.c
3pieces_Caterina_TACAS16_modif_1.c,MAYBE,,,Results/CPA_Outputs/Loopy_dataset_InvarBenchmark/3pieces_Caterina_TACAS16_modif_1.c_lasso_out,,,,,3.37,0.0,c_bench_term,../EvolveTerm/data/aeval/c_bench_term/3pieces_Caterina_TACAS16_modif_1.c
Ben-Amram-2010LMCS-Ex2.3-alloca_true-termination-modified1.c,YES,,,Results/CPA_Outputs/Loopy_dataset_InvarBenchmark/Ben-Amram-2010LMCS-Ex2.3-alloca_true-termination-modified1.c_lasso_out,,,,,1.89,0.0,c_bench_term,../EvolveTerm/data/aeval/c_bench_term/Ben-Amram-2010LMCS-Ex2.3-alloca_true-termination-modified1.c
aviad_true-termination_true-no-overflow-version1.c,MAYBE,,,Results/CPA_Outputs/Loopy_dataset_InvarBenchmark/aviad_true-termination_true-no-overflow-version1.c_lasso_out,,,,,2.85,0.0,c_bench_term,../EvolveTerm/data/aeval/c_bench_term/aviad_true-termination_true-no-overflow-version1.c
term_17.c,MAYBE,,,Results/CPA_Outputs/Loopy_dataset_InvarBenchmark/term_17.c_lasso_out,,,,,169.26,0.0,c_bench_term,../EvolveTerm/data/aeval/c_bench_term/term_17.c
genady_true-termination_true-no-overflow-version.c,YES,,,Results/CPA_Outputs/Loopy_dataset_InvarBenchmark/genady_true-termination_true-no-overflow-version.c_lasso_out,,,,,1.48,0.0,c_bench_term,../EvolveTerm/data/aeval/c_bench_term/genady_true-termination_true-no-overflow-version.c
trex03_false-unreach-call_true-termination-modif.c,YES,,,Results/CPA_Outputs/Loopy_dataset_InvarBenchmark/trex03_false-unreach-call_true-termination-modif.c_lasso_out,,,,,2.38,0.0,c_bench_term,../EvolveTerm/data/aeval/c_bench_term/trex03_false-unreach-call_true-termination-modif.c
Gothenburg_v3_false-no-overflow.c,MAYBE,,,Results/CPA_Outputs/Loopy_dataset_InvarBenchmark/Gothenburg_v3_false-no-overflow.c_lasso_out,,,,,1.83,0.0,c_bench_term,../EvolveTerm/data/aeval/c_bench_term/Gothenburg_v3_false-no-overflow.c
4NestedWith3Variables_false-no-overflow.c,MAYBE,,,Results/CPA_Outputs/Loopy_dataset_InvarBenchmark/4NestedWith3Variables_false-no-overflow.c_lasso_out,,,,,1.51,0.0,c_bench_term,../EvolveTerm/data/aeval/c_bench_term/4NestedWith3Variables_false-no-overflow.c
AliasDarteFeautrierGonnord-SAS2010-speedFails4_true-termination.c,YES,,,Results/CPA_Outputs/Loopy_dataset_InvarBenchmark/AliasDarteFeautrierGonnord-SAS2010-speedFails4_true-termination.c_lasso_out,,,,,1.66,0.0,c_bench_term,../EvolveTerm/data/aeval/c_bench_term/AliasDarteFeautrierGonnord-SAS2010-speedFails4_true-termination.c
aviad_true-termination_true-no-overflow-version2.c,MAYBE,,,Results/CPA_Outputs/Loopy_dataset_InvarBenchmark/aviad_true-termination_true-no-overflow-version2.c_lasso_out,,,,,2.82,0.0,c_bench_term,../EvolveTerm/data/aeval/c_bench_term/aviad_true-termination_true-no-overflow-version2.c
Gothenburg_false-no-overflow.c,YES,,,Results/CPA_Outputs/Loopy_dataset_InvarBenchmark/Gothenburg_false-no-overflow.c_lasso_out,,,,,1.69,0.0,c_bench_term,../EvolveTerm/data/aeval/c_bench_term/Gothenburg_false-no-overflow.c
Lobnya-Boolean-Reordered_true-termination_true-valid-memsafety.c,MAYBE,,,Results/CPA_Outputs/Loopy_dataset_InvarBenchmark/Lobnya-Boolean-Reordered_true-termination_true-valid-memsafety.c_lasso_out,,,,,1.86,0.0,c_bench_term,../EvolveTerm/data/aeval/c_bench_term/Lobnya-Boolean-Reordered_true-termination_true-valid-memsafety.c
trex03_false-unreach-call_true-termination-simpl.c,YES,,,Results/CPA_Outputs/Loopy_dataset_InvarBenchmark/trex03_false-unreach-call_true-termination-simpl.c_lasso_out,,,,,2.18,0.0,c_bench_term,../EvolveTerm/data/aeval/c_bench_term/trex03_false-unreach-call_true-termination-simpl.c
PodelskiRybalchenko-LICS2004-Fig2_true-termination.c,YES,,,Results/CPA_Outputs/Loopy_dataset_InvarBenchmark/PodelskiRybalchenko-LICS2004-Fig2_true-termination.c_lasso_out,,,,,2.55,0.0,c_bench_term,../EvolveTerm/data/aeval/c_bench_term/PodelskiRybalchenko-LICS2004-Fig2_true-termination.c
Piecewise_true-no-overflow_true-termination_true-valid-memsafety.c,YES,,,Results/CPA_Outputs/Loopy_dataset_InvarBenchmark/Piecewise_true-no-overflow_true-termination_true-valid-memsafety.c_lasso_out,,,,,1.73,0.0,c_bench_term,../EvolveTerm/data/aeval/c_bench_term/Piecewise_true-no-overflow_true-termination_true-valid-memsafety.c
aaron3_true-termination_true-valid-memsafety.c,MAYBE,,,Results/CPA_Outputs/Loopy_dataset_InvarBenchmark/aaron3_true-termination_true-valid-memsafety.c_lasso_out,,,,,175.55,0.0,c_bench_term,../EvolveTerm/data/aeval/c_bench_term/aaron3_true-termination_true-valid-memsafety.c
GulavaniGulwani-CAV2008-Fig1a_true-termination.c,YES,,,Results/CPA_Outputs/Loopy_dataset_InvarBenchmark/GulavaniGulwani-CAV2008-Fig1a_true-termination.c_lasso_out,,,,,1.83,0.0,c_bench_term,../EvolveTerm/data/aeval/c_bench_term/GulavaniGulwani-CAV2008-Fig1a_true-termination.c
HeizmannHoenickeLeikePodelski-ATVA2013-Fig9_true-termination.c,MAYBE,,,Results/CPA_Outputs/Loopy_dataset_InvarBenchmark/HeizmannHoenickeLeikePodelski-ATVA2013-Fig9_true-termination.c_lasso_out,,,,,1.43,0.0,c_bench_term,../EvolveTerm/data/aeval/c_bench_term/HeizmannHoenickeLeikePodelski-ATVA2013-Fig9_true-termination.c
UrbanMine-ESOP2014-Fig3_true-termination_true-no-overflow.c,YES,,,Results/CPA_Outputs/Loopy_dataset_InvarBenchmark/UrbanMine-ESOP2014-Fig3_true-termination_true-no-overflow.c_lasso_out,,,,,2.01,0.0,c_bench_term,../EvolveTerm/data/aeval/c_bench_term/UrbanMine-ESOP2014-Fig3_true-termination_true-no-overflow.c
NoriSharma-2013FSE-Fig8-true-termination-modif.c,YES,,,Results/CPA_Outputs/Loopy_dataset_InvarBenchmark/NoriSharma-2013FSE-Fig8-true-termination-modif.c_lasso_out,,,,,3.62,0.0,c_bench_term,../EvolveTerm/data/aeval/c_bench_term/NoriSharma-2013FSE-Fig8-true-termination-modif.c
term_15.c,YES,,,Results/CPA_Outputs/Loopy_dataset_InvarBenchmark/term_15.c_lasso_out,,,,,3.04,0.0,c_bench_term,../EvolveTerm/data/aeval/c_bench_term/term_15.c
nonlin_mult_term_8.c,NO,,,Results/CPA_Outputs/Loopy_dataset_InvarBenchmark/nonlin_mult_term_8.c_lasso_out,,,,,1.41,0.0,c_bench_term,../EvolveTerm/data/aeval/c_bench_term/nonlin_mult_term_8.c
Et1_false-no-overflow_true-termination.c,YES,,,Results/CPA_Outputs/Loopy_dataset_InvarBenchmark/Et1_false-no-overflow_true-termination.c_lasso_out,,,,,1.83,0.0,c_bench_term,../EvolveTerm/data/aeval/c_bench_term/Et1_false-no-overflow_true-termination.c
Pure2Phase_true-termination_true-valid-memsafety.c,YES,,,Results/CPA_Outputs/Loopy_dataset_InvarBenchmark/Pure2Phase_true-termination_true-valid-memsafety.c_lasso_out,,,,,1.64,0.0,c_bench_term,../EvolveTerm/data/aeval/c_bench_term/Pure2Phase_true-termination_true-valid-memsafety.c
AliasDarteFeautrierGonnord-SAS2010-speedpldi2_true-termination_true-no-overflow.c,MAYBE,,,Results/CPA_Outputs/Loopy_dataset_InvarBenchmark/AliasDarteFeautrierGonnord-SAS2010-speedpldi2_true-termination_true-no-overflow.c_lasso_out,,,,,1.72,0.0,c_bench_term,../EvolveTerm/data/aeval/c_bench_term/AliasDarteFeautrierGonnord-SAS2010-speedpldi2_true-termination_true-no-overflow.c
CookSeeZuleger-TACAS2013-Fig1_true-termination_true-no-overflow.c,YES,,,Results/CPA_Outputs/Loopy_dataset_InvarBenchmark/CookSeeZuleger-TACAS2013-Fig1_true-termination_true-no-overflow.c_lasso_out,,,,,1.75,0.0,c_bench_term,../EvolveTerm/data/aeval/c_bench_term/CookSeeZuleger-TACAS2013-Fig1_true-termination_true-no-overflow.c
Gothenburg_v2_false-no-overflow.c,YES,,,Results/CPA_Outputs/Loopy_dataset_InvarBenchmark/Gothenburg_v2_false-no-overflow.c_lasso_out,,,,,1.61,0.0,c_bench_term,../EvolveTerm/data/aeval/c_bench_term/Gothenburg_v2_false-no-overflow.c
term_22.c,YES,,,Results/CPA_Outputs/Loopy_dataset_InvarBenchmark/term_22.c_lasso_out,,,,,2.48,0.0,c_bench_term,../EvolveTerm/data/aeval/c_bench_term/term_22.c
term_14.c,MAYBE,,,Results/CPA_Outputs/Loopy_dataset_InvarBenchmark/term_14.c_lasso_out,,,,,3.26,0.0,c_bench_term,../EvolveTerm/data/aeval/c_bench_term/term_14.c
java_AG313_true-termination_true-no-overflow.c,MAYBE,,,Results/CPA_Outputs/Loopy_dataset_InvarBenchmark/java_AG313_true-termination_true-no-overflow.c_lasso_out,,,,,1.42,0.0,c_bench_term,../EvolveTerm/data/aeval/c_bench_term/java_AG313_true-termination_true-no-overflow.c
term_19.c,MAYBE,,,Results/CPA_Outputs/Loopy_dataset_InvarBenchmark/term_19.c_lasso_out,,,,,4.61,0.0,c_bench_term,../EvolveTerm/data/aeval/c_bench_term/term_19.c
CookSeeZuleger-TACAS2013-Fig7b-true-termination_true-no-overflow.c,YES,,,Results/CPA_Outputs/Loopy_dataset_InvarBenchmark/CookSeeZuleger-TACAS2013-Fig7b-true-termination_true-no-overflow.c_lasso_out,,,,,2.24,0.0,c_bench_term,../EvolveTerm/data/aeval/c_bench_term/CookSeeZuleger-TACAS2013-Fig7b-true-termination_true-no-overflow.c
term_09.c,YES,,,Results/CPA_Outputs/Loopy_dataset_InvarBenchmark/term_09.c_lasso_out,,,,,2.37,0.0,c_bench_term,../EvolveTerm/data/aeval/c_bench_term/term_09.c
determ_term_4.c,YES,,,Results/CPA_Outputs/Loopy_dataset_InvarBenchmark/determ_term_4.c_lasso_out,,,,,14.35,0.0,c_bench_term,../EvolveTerm/data/aeval/c_bench_term/determ_term_4.c
HeizmannHoenickeLeikePodelski-ATVA2013-Fig8_true-termination-version.c,MAYBE,,,Results/CPA_Outputs/Loopy_dataset_InvarBenchmark/HeizmannHoenickeLeikePodelski-ATVA2013-Fig8_true-termination-version.c_lasso_out,,,,,1.42,0.0,c_bench_term,../EvolveTerm/data/aeval/c_bench_term/HeizmannHoenickeLeikePodelski-ATVA2013-Fig8_true-termination-version.c
Problem00_label00_true-unreach-call-toy.c,YES,,,Results/CPA_Outputs/Loopy_dataset_InvarBenchmark/Problem00_label00_true-unreach-call-toy.c_lasso_out,,,,,4.41,0.0,c_bench_term,../EvolveTerm/data/aeval/c_bench_term/Problem00_label00_true-unreach-call-toy.c
Copenhagen_true-no-overflow_true-termination_true-valid-memsafety.c,YES,,,Results/CPA_Outputs/Loopy_dataset_InvarBenchmark/Copenhagen_true-no-overflow_true-termination_true-valid-memsafety.c_lasso_out,,,,,1.44,0.0,c_bench_term,../EvolveTerm/data/aeval/c_bench_term/Copenhagen_true-no-overflow_true-termination_true-valid-memsafety.c
PodelskiRybalchenko-VMCAI2004-Ex1_false-no-overflow.c,YES,,,Results/CPA_Outputs/Loopy_dataset_InvarBenchmark/PodelskiRybalchenko-VMCAI2004-Ex1_false-no-overflow.c_lasso_out,,,,,1.54,0.0,c_bench_term,../EvolveTerm/data/aeval/c_bench_term/PodelskiRybalchenko-VMCAI2004-Ex1_false-no-overflow.c
Pure2Phase_false-no-overflow.c,YES,,,Results/CPA_Outputs/Loopy_dataset_InvarBenchmark/Pure2Phase_false-no-overflow.c_lasso_out,,,,,1.56,0.0,c_bench_term,../EvolveTerm/data/aeval/c_bench_term/Pure2Phase_false-no-overflow.c
ChenFlurMukhopadhyay-SAS2012-Ex4.01_false-no-overflow-simpl.c,MAYBE,,,Results/CPA_Outputs/Loopy_dataset_InvarBenchmark/ChenFlurMukhopadhyay-SAS2012-Ex4.01_false-no-overflow-simpl.c_lasso_out,,,,,2.12,0.0,c_bench_term,../EvolveTerm/data/aeval/c_bench_term/ChenFlurMukhopadhyay-SAS2012-Ex4.01_false-no-overflow-simpl.c
Singapore_false-no-overflow-version.c,YES,,,Results/CPA_Outputs/Loopy_dataset_InvarBenchmark/Singapore_false-no-overflow-version.c_lasso_out,,,,,1.71,0.0,c_bench_term,../EvolveTerm/data/aeval/c_bench_term/Singapore_false-no-overflow-version.c
Cairo_true-no-overflow_true-termination_true-valid-memsafety.c,YES,,,Results/CPA_Outputs/Loopy_dataset_InvarBenchmark/Cairo_true-no-overflow_true-termination_true-valid-memsafety.c_lasso_out,,,,,1.44,0.0,c_bench_term,../EvolveTerm/data/aeval/c_bench_term/Cairo_true-no-overflow_true-termination_true-valid-memsafety.c
term_03.c,FAILED,,,Results/CPA_Outputs/Loopy_dataset_InvarBenchmark/term_03.c_lasso_out,,,,,0.59,0.0,c_bench_term,../EvolveTerm/data/aeval/c_bench_term/term_03.c
term_06.c,YES,,,Results/CPA_Outputs/Loopy_dataset_InvarBenchmark/term_06.c_lasso_out,,,,,1.5,0.0,c_bench_term,../EvolveTerm/data/aeval/c_bench_term/term_06.c
AliasDarteFeautrierGonnord-SAS2010-wise_true-termination_true-no-overflow.c,YES,,,Results/CPA_Outputs/Loopy_dataset_InvarBenchmark/AliasDarteFeautrierGonnord-SAS2010-wise_true-termination_true-no-overflow.c_lasso_out,,,,,1.66,0.0,c_bench_term,../EvolveTerm/data/aeval/c_bench_term/AliasDarteFeautrierGonnord-SAS2010-wise_true-termination_true-no-overflow.c
ex1_false-no-overflow_true-termination.c,YES,,,Results/CPA_Outputs/Loopy_dataset_InvarBenchmark/ex1_false-no-overflow_true-termination.c_lasso_out,,,,,1.43,0.0,c_bench_term,../EvolveTerm/data/aeval/c_bench_term/ex1_false-no-overflow_true-termination.c
b.03-no-inv_assume_true-termination_true-no-overflow.c,MAYBE,,,Results/CPA_Outputs/Loopy_dataset_InvarBenchmark/b.03-no-inv_assume_true-termination_true-no-overflow.c_lasso_out,,,,,1.4,0.0,c_bench_term,../EvolveTerm/data/aeval/c_bench_term/b.03-no-inv_assume_true-termination_true-no-overflow.c
term_04.c,YES,,,Results/CPA_Outputs/Loopy_dataset_InvarBenchmark/term_04.c_lasso_out,,,,,1.74,0.0,c_bench_term,../EvolveTerm/data/aeval/c_bench_term/term_04.c
