file_name,original_path,predicted_status,predicted_kind,category_folder,processing_time,is_consistent,repeat_results,raw_responses
2_2.bpl,LLM_Phase_Exp/4-nested-terminate/2_2.bpl,NONTERM,MONO,NONTERM,3.32,False,"[('NONTERM', 'MONO'), ('NONTERM', 'OTHER'), ('NONTERM', 'OTHER')]","['[NONTERM] MONO', '[NONTERM] OTHER', '[NONTERM] OTHER']"
1_171.bpl,LLM_Phase_Exp/4-nested-terminate/1_171.bpl,NONTERM,RECUR,NONTERM,4.79,False,"[('NONTERM', 'RECUR'), ('NONTERM', 'RECUR'), ('TERM', 'Single')]","['[NONTERM] RECUR', '[NONTERM] RECUR', '[TERM] Single\n\nThe loop has a straightforward decrement process where each iteration decreases the values of `x0` and `x1` by specific algebraic operations. A single ranking function can be constructed based on the decrease of both variables through each iteration. The loop condition ensures that the loop will terminate once the decrement causes either `x0` or `x1` to go below 0.0, qualifying it as a single ranking function case.']"
1_151.bpl,LLM_Phase_Exp/4-nested-terminate/1_151.bpl,NONTERM,RECUR,NONTERM,2.51,False,"[('NONTERM', 'RECUR'), ('TERM', 'Single'), ('NONTERM', 'RECUR')]","['[NONTERM] RECUR', '[TERM] Single', '[NONTERM] RECUR']"
2_144.bpl,LLM_Phase_Exp/4-nested-terminate/2_144.bpl,TERM,Nested,TERM,4.46,False,"[('TERM', 'Nested'), ('TERM', 'Single'), ('TERM', 'Single')]","['[TERM] Nested', '[TERM] Single', '[TERM] Single\n\nThe loop is terminating with a single ranking function for both the integer and real variables. For the integer part, you can consider the ranking function `x` which decreases by `y` in each iteration, and for the real part, `z` decreases by `w`. Both `y` and `w` are increasing, ensuring termination of the loop as both `x` and `z` will eventually become negative and false the loop condition.']"
1_55.bpl,LLM_Phase_Exp/4-nested-terminate/1_55.bpl,NONTERM,RECUR,NONTERM,2.38,True,"[('NONTERM', 'RECUR'), ('NONTERM', 'RECUR'), ('NONTERM', 'RECUR')]","['[NONTERM] RECUR', '[NONTERM] RECUR', '[NONTERM] RECUR']"
1_167.bpl,LLM_Phase_Exp/4-nested-terminate/1_167.bpl,NONTERM,RECUR,NONTERM,3.63,True,"[('NONTERM', 'RECUR'), ('NONTERM', 'RECUR'), ('NONTERM', 'RECUR')]","['[NONTERM] RECUR', '[NONTERM] RECUR', '[NONTERM] RECUR']"
2_126.bpl,LLM_Phase_Exp/4-nested-terminate/2_126.bpl,NONTERM,RECUR,NONTERM,2.4,False,"[('NONTERM', 'RECUR'), ('TERM', 'Nested'), ('TERM', 'Single')]","['[NONTERM] RECUR', '[TERM] Nested', '[TERM] Single']"
1_61.bpl,LLM_Phase_Exp/4-nested-terminate/1_61.bpl,TERM,Single,TERM,2.16,True,"[('TERM', 'Single'), ('TERM', 'Single'), ('TERM', 'Single')]","['[TERM] Single', '[TERM] Single', '[TERM] Single']"
2_73.bpl,LLM_Phase_Exp/4-nested-terminate/2_73.bpl,TERM,Nested,TERM,8.79,False,"[('TERM', 'Nested'), ('NONTERM', 'RECUR'), ('NONTERM', 'OTHER')]","[""The given loop program updates the value of `x` by subtracting `d` in each iteration, and `d` is increased by 2 every time. The loop condition is `x >= b`.\n\nTo determine if the loop is terminating, let's consider how `x` changes:\n\n1. Initially, there might be a specific assignment of values to `x`, `b`, and `d`. However, since they are not concretely initialized within the loop, let's analyze the behavior assuming some values:\n   - As long as `x >= b`, the loop continues.\n   - On each iteration, `x` is decreased by `d`, and `d` increases by 2.\n\n2. If `d` increases continuously and `x` decreases by `d`, eventually `x` will become less than `b`, leading to the termination of the loop, assuming no pathological conditions where `x` starts off extremely large and `b` is also very large.\n\n3. The crucial observation is that each iteration decreases `x` at a rate that grows with `d`, meaning the decrement accelerates and will eventually overcome any large initial `x` given sufficient iterations, assuming `b` is not growing (since `b` is not updated in the loop).\n\nTo prove termination, consider a possible nested ranking function:\n\n- A nested ranking function could be `<x, d>`. Here's the reasoning:\n  - Primary phase: `x` decreases continually by the increasing value of `d`, which guarantees an eventual crossing of the boundary `x < b`.\n  - Secondary phase is the growth of `d`, ensuring that `x` is decremented more substantially over time.\n\nGiven this nested structure, it suggests the loop is TERMINATING.\n\n[TERM] Nested"", '[NONTERM] RECUR', '[NONTERM] OTHER']"
1_158.bpl,LLM_Phase_Exp/4-nested-terminate/1_158.bpl,TERM,Single,TERM,2.51,True,"[('TERM', 'Single'), ('TERM', 'Single'), ('TERM', 'Single')]","['[TERM] Single', '[TERM] Single', '[TERM] Single']"
1_162.bpl,LLM_Phase_Exp/4-nested-terminate/1_162.bpl,NONTERM,OTHER,NONTERM,19.68,False,"[('NONTERM', 'OTHER'), ('NONTERM', 'RECUR'), ('TERM', 'Nested')]","['[NONTERM] OTHER\n\nIn this loop, the condition `x1 + x2 <= -1.0` suggests a possibility of nontermination due to the behavior of `x2` which is being manipulated in each iteration in such a way that it might not allow the loop to exit. Specifically, `x2 := x2 - x2*x2 - 1.0/(x2*x2)` can have complex behavior especially near points where division by zero might become involved or when `x2` is small but non-zero such that the sum with `x1` remains negative. This particular transformation can cause unusual behaviors that lead to nontermination in ways that are neither purely monotonic nor simple recurrences, hence the classification as OTHER.', '[NONTERM] RECUR\n\nThe loop condition and updates suggest that the variables can potentially evolve in a manner leading to a non-terminating behavior due to specific recurrence relations. More specifically, the update on `x2` of `x2 := x2 - x2*x2 - 1.0/(x2*x2)` introduces a recurrence that can maintain the loop condition true indefinitely under specific initial values, indicating a potential non-termination due to recurrence relations.', ""The given loop has a while condition that depends on the values of `x0`, `x1`, and `x2`. Within the loop, the variables are updated using the given expressions:\n\n- `x0 := x0 + x1`\n- `x1 := x0 + x2`\n- `x2 := x2 - x2*x2 - 1.0/(x2*x2)`\n\nTo determine the termination:\n\n1. Analyze the condition: `5.0*x0*x0 + 4.0*x2*x2 <=40.0*x1 && x1+x2<= -1.0`.\n2. Assess the updates to the variables to ascertain whether there's a decrease that could be identified with a ranking function.\n\nFocusing on `x2`, observe the update: `x2 := x2 - x2*x2 - 1.0/(x2*x2)`. Notice that this update would potentially decrease `x2` substantially, especially as `x2` becomes a very small negative number. The term `-1.0/(x2*x2)` becomes a large negative decrement for very small `x2`. This suggests a reduction in `x2` and thus its potential role in a ranking function.\n\nGiven the non-linear nature of these updates, and the complexities introduced by the loop guard involving both quadratic terms (e.g., `5.0*x0*x0, 4.0*x2*x2`) and linear relationships, establishing a single ranking function becomes challenging. However, the structured complexity supports termination unless other variables contrarily diverge infinitely, which is constrained by the loop guard and updates.\n\nA careful deduction shows the loop decreases some potential over iterations in a less straightforward manner concluding possible Nested ranking.\n\nHence, the loop can be presumed TERMINATING supported by a Nested ranking function:\n\n```\n[TERM] Nested\n```""]"
1_133.bpl,LLM_Phase_Exp/4-nested-terminate/1_133.bpl,NONTERM,RECUR,NONTERM,2.26,False,"[('NONTERM', 'RECUR'), ('TERM', 'Single'), ('TERM', 'Single')]","['[NONTERM] RECUR', '[TERM] Single', '[TERM] Single']"
4_154.bpl,LLM_Phase_Exp/4-nested-terminate/4_154.bpl,TERM,Single,TERM,2.98,False,"[('TERM', 'Single'), ('TERM', 'Single'), ('NONTERM', 'MONO')]","['[TERM] Single', '[TERM] Single', '[NONTERM] MONO']"
1_149.bpl,LLM_Phase_Exp/4-nested-terminate/1_149.bpl,TERM,Other,TERM,3.34,False,"[('TERM', 'Other'), ('TERM', 'Single'), ('TERM', 'Single')]","['[TERM] Other', '[TERM] Single', '[TERM] Single']"
2_67.bpl,LLM_Phase_Exp/4-nested-terminate/2_67.bpl,NONTERM,RECUR,NONTERM,2.36,False,"[('NONTERM', 'RECUR'), ('TERM', 'Single'), ('NONTERM', 'MONO')]","['[NONTERM] RECUR', '[TERM] Single', '[NONTERM] MONO']"
1_159.bpl,LLM_Phase_Exp/4-nested-terminate/1_159.bpl,TERM,Single,TERM,3.13,False,"[('TERM', 'Single'), ('NONTERM', 'RECUR'), ('TERM', 'Single')]","['[TERM] Single', '[NONTERM] RECUR', '[TERM] Single']"
3_15.bpl,LLM_Phase_Exp/4-nested-terminate/3_15.bpl,TERM,Nested,TERM,2.9,False,"[('TERM', 'Nested'), ('TERM', 'Single'), ('TERM', 'Other')]","['[TERM] Nested', '[TERM] Single', '[TERM] Other']"
1_115.bpl,LLM_Phase_Exp/4-nested-terminate/1_115.bpl,TERM,Single,TERM,2.47,False,"[('TERM', 'Single'), ('NONTERM', 'MONO'), ('NONTERM', 'MONO')]","['[TERM] Single', '[NONTERM] MONO', '[NONTERM] MONO']"
3_68.bpl,LLM_Phase_Exp/4-nested-terminate/3_68.bpl,TERM,Single,TERM,2.45,False,"[('TERM', 'Single'), ('NONTERM', 'MONO'), ('NONTERM', 'MONO')]","['[TERMINATING] Single', '[NONTERM] MONO', '[NONTERM] MONO']"
1_150.bpl,LLM_Phase_Exp/4-nested-terminate/1_150.bpl,NONTERM,RECUR,NONTERM,2.41,False,"[('NONTERM', 'RECUR'), ('TERM', 'Single'), ('NONTERM', 'MONO')]","['[NONTERM] RECUR', '[TERM] Single', '[NONTERM] MONO']"
1_164.bpl,LLM_Phase_Exp/4-nested-terminate/1_164.bpl,NONTERM,MONO,NONTERM,2.67,True,"[('NONTERM', 'MONO'), ('NONTERM', 'MONO'), ('NONTERM', 'MONO')]","['[NONTERM] MONO', '[NONTERM] MONO', '[NONTERM] MONO']"
1_83.bpl,LLM_Phase_Exp/4-nested-terminate/1_83.bpl,TERM,Single,TERM,3.59,True,"[('TERM', 'Single'), ('TERM', 'Single'), ('TERM', 'Single')]","['[TERM] Single', '[TERM] Single', '[TERM] Single']"
1_30.bpl,LLM_Phase_Exp/4-nested-terminate/1_30.bpl,NONTERM,RECUR,NONTERM,2.38,False,"[('NONTERM', 'RECUR'), ('NONTERM', 'RECUR'), ('NONTERM', 'OTHER')]","['[NONTERM] RECUR', '[NONTERM] RECUR', '[NONTERM] OTHER']"
1_148.bpl,LLM_Phase_Exp/4-nested-terminate/1_148.bpl,NONTERM,RECUR,NONTERM,2.36,False,"[('NONTERM', 'RECUR'), ('TERM', 'Single'), ('NONTERM', 'RECUR')]","['[NONTERM] RECUR', '[TERM] Single', '[NONTERM] RECUR']"
1_36.bpl,LLM_Phase_Exp/4-nested-terminate/1_36.bpl,TERM,Single,TERM,3.32,True,"[('TERM', 'Single'), ('TERM', 'Single'), ('TERM', 'Single')]","['[TERM] Single', '[TERM] Single\n\nThis program can be proven to be terminating using a single ranking function. The ranking function is x itself, as x is non-negative and decreases towards 0 with each iteration of the loop, ensuring termination.', '[TERM] Single']"
2_72.bpl,LLM_Phase_Exp/4-nested-terminate/2_72.bpl,NONTERM,RECUR,NONTERM,2.69,False,"[('NONTERM', 'RECUR'), ('NONTERM', 'MONO'), ('NONTERM', 'MONO')]","['[NONTERM] RECUR', '[NONTERM] MONO', '[NONTERM] MONO']"
1_166.bpl,LLM_Phase_Exp/4-nested-terminate/1_166.bpl,TERM,Other,TERM,27.48,False,"[('TERM', 'Other'), ('TERM', 'Single'), ('TERM', 'Single')]","['[TERM] Other\n\nThe loop termination can be analyzed as follows: \n\n1. The loop runs while `(x0<0.0 || x0>0.0) && x1>=0.0 && x0 >=0.0 && x2>=x0 && x2>=x1 && x2 ==10.0`. The condition `x2 == 10.0` implies that `x2` is a constant value `10.0`. The condition `x1 >= 0.0` implies that `x1` is non-negative at each iteration.\n\n2. In the loop body, there are two branches controlled by the condition `x1 > 0.0`.\n   - If `x1 > 0.0`, then `x1` is decremented by `1.0`, so `x1` decreases while staying non-negative (until it potentially reaches zero).\n   - If `x1 <= 0.0`, then `x0` is decremented by `1.0` while `x2` is unchanged.\n\n3. The loop modifies variables in such a way that `x1` decreases until it is possibly zero, and then `x0` starts decreasing.\n\n4. Eventually, `x0` will decrease such that the condition `(x0<0.0 || x0>0.0)` will be false, allowing the loop to terminate.\n\n5. The nested relationship between `x1` and `x0` means no single ranking function captures the entire termination behavior, especially since the decision to decrease `x0` depends on `x1` reaching zero. This suggests a more complex interaction that doesn\'t fit neatly into straightforward single, nested or multi-phase ranking functions.\n\nTherefore, the termination reason is classified as ""Other"" due to the dependencies and conditions outside the simple nested or multi-phase cases.', '[TERM] Single\n\nThe loop conditions and updates imply a single ranking function can be used to demonstrate termination. Specifically, the value of `x1` decreases by at least 1 when `x1 > 0`, and when `x1 <= 0`, `x0` also decreases by 1. The conditions ensure that `x0` and `x1` are bounded from below, leading to termination with a linear ranking function, possibly involving `x1` and `x0` as the components of the function.', '[TERM] Single\n\nThe given loop will terminate as it has a single ranking function x1 in the first conditional and x0 in the second conditional that decreases with each iteration when the loop is entered. Each of these variables strictly decreases with each iteration where control flows through the conditions x1>0.0 and otherwise, once x1 is 0 or less, x0 also strictly decreases. Moreover, the constraints ensure that the loop guard cannot be satisfied indefinitely. This implies that a simple (single) ranking function proving termination is possible.']"
1_52.bpl,LLM_Phase_Exp/4-nested-terminate/1_52.bpl,TERM,Single,TERM,2.44,True,"[('TERM', 'Single'), ('TERM', 'Single'), ('TERM', 'Single')]","['[TERM] Single', '[TERM] Single', '[TERM] Single']"
2_156.bpl,LLM_Phase_Exp/4-nested-terminate/2_156.bpl,NONTERM,RECUR,NONTERM,3.11,False,"[('NONTERM', 'RECUR'), ('NONTERM', 'RECUR'), ('TERM', 'Single')]","['[NONTERM] RECUR', '[NONTERM] RECUR', '[TERM] Single']"
1_1.bpl,LLM_Phase_Exp/4-nested-terminate/1_1.bpl,TERM,Single,TERM,2.3,False,"[('TERM', 'Single'), ('NONTERM', 'RECUR'), ('TERM', 'Single')]","['[TERM] Single', '[NONTERM] RECUR', '[TERM] Single']"
1_168.bpl,LLM_Phase_Exp/4-nested-terminate/1_168.bpl,TERM,Single,TERM,2.89,True,"[('TERM', 'Single'), ('TERM', 'Single'), ('TERM', 'Single')]","['[TERM] Single', '[TERM] Single', '[TERM] Single']"
1_163.bpl,LLM_Phase_Exp/4-nested-terminate/1_163.bpl,NONTERM,OTHER,NONTERM,2.38,False,"[('NONTERM', 'OTHER'), ('NONTERM', 'OTHER'), ('TERM', 'Single')]","['[NONTERM] OTHER', '[NONTERM] OTHER', '[TERM] Single']"
1_152.bpl,LLM_Phase_Exp/4-nested-terminate/1_152.bpl,NONTERM,RECUR,NONTERM,2.53,True,"[('NONTERM', 'RECUR'), ('NONTERM', 'RECUR'), ('NONTERM', 'RECUR')]","['[NONTERM] RECUR', '[NONTERM] RECUR', '[NONTERM] RECUR']"
1_57.bpl,LLM_Phase_Exp/4-nested-terminate/1_57.bpl,NONTERM,RECUR,NONTERM,2.56,False,"[('NONTERM', 'RECUR'), ('NONTERM', 'MONO'), ('NONTERM', 'MONO')]","['[NONTERM] RECUR', '[NONTERM] MONO', '[NONTERM] MONO']"
1_132.bpl,LLM_Phase_Exp/4-nested-terminate/1_132.bpl,TERM,Single,TERM,2.77,True,"[('TERM', 'Single'), ('TERM', 'Single'), ('TERM', 'Single')]","['[TERM] Single', '[TERM] Single', '[TERM] Single']"
3_2.bpl,LLM_Phase_Exp/4-nested-terminate/3_2.bpl,NONTERM,OTHER,NONTERM,2.66,False,"[('NONTERM', 'OTHER'), ('NONTERM', 'OTHER'), ('NONTERM', 'MONO')]","['[NONTERM] OTHER', '[NONTERM] OTHER', '[NONTERM] MONO']"
1_153.bpl,LLM_Phase_Exp/4-nested-terminate/1_153.bpl,TERM,Single,TERM,2.16,True,"[('TERM', 'Single'), ('TERM', 'Single'), ('TERM', 'Single')]","['[TERM] Single', '[TERM] Single', '[TERM] Single']"
1_165.bpl,LLM_Phase_Exp/4-nested-terminate/1_165.bpl,NONTERM,RECUR,NONTERM,5.9,False,"[('NONTERM', 'RECUR'), ('TERM', 'Single'), ('NONTERM', 'RECUR')]","['[NONTERM] RECUR', '[TERM] Single\n\nThe loop can be shown to terminate using a single ranking function. Consider the function f(x0, x1) = x0. In each iteration of the loop, x0 is updated to x0 - x1, which ensures that f(x0, x1) strictly decreases by at least x1 (a positive value as long as the loop condition x1 >= 1.0 holds) in every iteration. Since x0 is initially at least 1.0 and x1 is at least 1.0, the loop will eventually cause x0 to drop below 1.0, at which point the loop condition fails and the loop terminates. Thus, the loop is terminating using a single ranking function.', '[NONTERM] RECUR']"
1_160.bpl,LLM_Phase_Exp/4-nested-terminate/1_160.bpl,TERM,Single,TERM,2.33,False,"[('TERM', 'Single'), ('TERM', 'Other'), ('NONTERM', 'OTHER')]","['[TERM] Single', '[TERM] Other', '[NONTERM] OTHER']"
1_58.bpl,LLM_Phase_Exp/4-nested-terminate/1_58.bpl,NONTERM,OTHER,NONTERM,3.96,False,"[('NONTERM', 'OTHER'), ('NONTERM', 'OTHER'), ('NONTERM', 'RECUR')]","[""[NONTERM] OTHER\n\nThe loop in the program is non-terminating because the assumptions are contradictory. The variable `x` is set to `0` and then it assumes `x > 0`, which is never true, so the loop can never progress to a termination condition. This situation doesn't fall under recurrence relation or monotonic growth; it's more of a logical inconsistency or contradiction, hence categorized as OTHER."", '[NONTERM] OTHER', '[NONTERM] RECUR']"
2_66.bpl,LLM_Phase_Exp/4-nested-terminate/2_66.bpl,NONTERM,RECUR,NONTERM,2.63,False,"[('NONTERM', 'RECUR'), ('NONTERM', 'RECUR'), ('TERM', 'Single')]","['[NONTERM] RECUR', '[NONTERM] RECUR', '[TERM] Single']"
1_29.bpl,LLM_Phase_Exp/4-nested-terminate/1_29.bpl,NONTERM,RECUR,NONTERM,2.96,False,"[('NONTERM', 'RECUR'), ('NONTERM', 'RECUR'), ('TERM', 'Nested')]","['[NONTERM] RECUR', '[NONTERM] RECUR', '[TERM] Nested']"
1_127.bpl,LLM_Phase_Exp/4-nested-terminate/1_127.bpl,NONTERM,RECUR,NONTERM,2.83,False,"[('NONTERM', 'RECUR'), ('NONTERM', 'RECUR'), ('TERM', 'Other')]","['[NONTERM] RECUR', '[NONTERM] RECUR', '[TERMINATING] Other']"
1_161.bpl,LLM_Phase_Exp/4-nested-terminate/1_161.bpl,TERM,Single,TERM,2.56,False,"[('TERM', 'Single'), ('NONTERM', 'RECUR'), ('TERM', 'Single')]","['[TERM] Single', '[NONTERM] RECUR', '[TERM] Single']"
2_51.bpl,LLM_Phase_Exp/4-nested-terminate/2_51.bpl,NONTERM,RECUR,NONTERM,2.58,False,"[('NONTERM', 'RECUR'), ('TERM', 'Single'), ('TERM', 'Single')]","['[NONTERM] RECUR', '[TERM] Single', '[TERM] Single']"
2_ChenFlurMukhopadhyay-SAS2012-Ex2.08.bpl,LLM_Phase_Exp/4-multi-terminate/2_ChenFlurMukhopadhyay-SAS2012-Ex2.08.bpl,NONTERM,OTHER,NONTERM,2.65,False,"[('NONTERM', 'OTHER'), ('NONTERM', 'RECUR'), ('NONTERM', 'MONO')]","['[NONTERM] OTHER', '[NONTERM] RECUR', '[NONTERM] MONO']"
1_LeikeHeizmann-TACAS2014-Ex9.bpl,LLM_Phase_Exp/4-multi-terminate/1_LeikeHeizmann-TACAS2014-Ex9.bpl,TERM,Single,TERM,2.16,False,"[('TERM', 'Single'), ('TERM', 'Single'), ('TERM', 'Nested')]","['[TERM] Single', '[TERM] Single', '[TERM] Nested']"
1_ChenFlurMukhopadhyay-SAS2012-Ex2.10.bpl,LLM_Phase_Exp/4-multi-terminate/1_ChenFlurMukhopadhyay-SAS2012-Ex2.10.bpl,NONTERM,RECUR,NONTERM,4.29,False,"[('NONTERM', 'RECUR'), ('NONTERM', 'MONO'), ('TERM', 'Single')]","['[NONTERM] RECUR', '[NONTERM] MONO', '[TERM] Single\n\nThe program is terminating and has a single ranking function. If we consider the function f(x, y) = x (assuming x is initially positive), every iteration decreases x by at least 1 because y is negative; hence, x + y < x. Since y decreases by 1 every time the loop runs, the value of x + y decreases steadily, thus ensuring termination.']"
1_PastaA8_false-no-overflow_true-termination.bpl,LLM_Phase_Exp/4-multi-terminate/1_PastaA8_false-no-overflow_true-termination.bpl,NONTERM,MONO,NONTERM,2.45,True,"[('NONTERM', 'MONO'), ('NONTERM', 'MONO'), ('NONTERM', 'MONO')]","['[NONTERM] MONO', '[NONTERM] MONO', '[NONTERM] MONO']"
1_LeikeHeizmann-TACAS2014-Ex1.bpl,LLM_Phase_Exp/4-multi-terminate/1_LeikeHeizmann-TACAS2014-Ex1.bpl,TERM,Single,TERM,2.91,True,"[('TERM', 'Single'), ('TERM', 'Single'), ('TERM', 'Single')]","['[TERM] Single', '[TERM] Single', '[TERM] Single']"
1_Copenhagen.bpl,LLM_Phase_Exp/4-multi-terminate/1_Copenhagen.bpl,TERM,Single,TERM,2.19,False,"[('TERM', 'Single'), ('NONTERM', 'RECUR'), ('TERM', 'Single')]","['[TERM] Single', '[NONTERM] RECUR', '[TERM] Single']"
3_ChenFlurMukhopadhyay-SAS2012-Ex3.03.bpl,LLM_Phase_Exp/4-multi-terminate/3_ChenFlurMukhopadhyay-SAS2012-Ex3.03.bpl,NONTERM,MONO,NONTERM,2.63,False,"[('NONTERM', 'MONO'), ('TERM', 'Nested'), ('NONTERM', 'MONO')]","['[NONTERM] MONO', '[TERM] Nested', '[NONTERM] MONO']"
1_PodelskiRybalchenko-TACAS2011-Fig1.bpl,LLM_Phase_Exp/4-multi-terminate/1_PodelskiRybalchenko-TACAS2011-Fig1.bpl,TERM,Single,TERM,2.55,True,"[('TERM', 'Single'), ('TERM', 'Single'), ('TERM', 'Single')]","['[TERM] Single', '[TERM] Single', '[TERM] Single']"
1_ChenFlurMukhopadhyay-SAS2012-Ex2.07.bpl,LLM_Phase_Exp/4-multi-terminate/1_ChenFlurMukhopadhyay-SAS2012-Ex2.07.bpl,NONTERM,MONO,NONTERM,2.45,False,"[('NONTERM', 'MONO'), ('NONTERM', 'MONO'), ('NONTERM', 'OTHER')]","['[NONTERM] MONO', '[NONTERM] MONO', '[NONTERM] OTHER']"
2_ColonSipma-TACAS2001-Fig1.bpl,LLM_Phase_Exp/4-multi-terminate/2_ColonSipma-TACAS2001-Fig1.bpl,TERM,Single,TERM,2.21,False,"[('TERM', 'Single'), ('TERM', 'Other'), ('TERM', 'Single')]","['[TERM] Single', '[TERM] Other', '[TERM] Single']"
1_PastaC7.bpl,LLM_Phase_Exp/4-multi-terminate/1_PastaC7.bpl,TERM,Single,TERM,2.29,False,"[('TERM', 'Single'), ('TERM', 'Single'), ('NONTERM', 'RECUR')]","['[TERM] Single', '[TERM] Single', '[NONTERM] RECUR']"
2_2Nested-2.bpl,LLM_Phase_Exp/4-multi-terminate/2_2Nested-2.bpl,NONTERM,MONO,NONTERM,2.54,True,"[('NONTERM', 'MONO'), ('NONTERM', 'MONO'), ('NONTERM', 'MONO')]","['[NONTERM] MONO', '[NONTERM] MONO', '[NONTERM] MONO']"
1_PastaA7.bpl,LLM_Phase_Exp/4-multi-terminate/1_PastaA7.bpl,NONTERM,MONO,NONTERM,2.51,True,"[('NONTERM', 'MONO'), ('NONTERM', 'MONO'), ('NONTERM', 'MONO')]","['[NONTERM] MONO', '[NONTERM] MONO', '[NONTERM] MONO']"
1_a.09_assume.bpl,LLM_Phase_Exp/4-multi-terminate/1_a.09_assume.bpl,TERM,Single,TERM,3.69,False,"[('TERM', 'Single'), ('NONTERM', 'MONO'), ('NONTERM', 'MONO')]","['[TERM] Single', '[NONTERM] MONO', '[NONTERM] MONO']"
2_ChenFlurMukhopadhyay-SAS2012-Ex3.05.bpl,LLM_Phase_Exp/4-multi-terminate/2_ChenFlurMukhopadhyay-SAS2012-Ex3.05.bpl,NONTERM,MONO,NONTERM,2.87,False,"[('NONTERM', 'MONO'), ('NONTERM', 'MONO'), ('NONTERM', 'OTHER')]","['[NONTERM] MONO', '[NONTERM] MONO', '[NONTERM] OTHER']"
1_PastaB7.bpl,LLM_Phase_Exp/4-multi-terminate/1_PastaB7.bpl,TERM,Single,TERM,2.27,True,"[('TERM', 'Single'), ('TERM', 'Single'), ('TERM', 'Single')]","['[TERM] Single', '[TERM] Single', '[TERM] Single']"
2_157.bpl,LLM_Phase_Exp/4-multi-terminate/2_157.bpl,NONTERM,RECUR,NONTERM,2.58,False,"[('NONTERM', 'RECUR'), ('TERM', 'Single'), ('TERM', 'Single')]","['[NONTERM] RECUR', '[TERMINATING] Single', '[TERM] Single']"
1_b.04.bpl,LLM_Phase_Exp/4-multi-terminate/1_b.04.bpl,NONTERM,RECUR,NONTERM,2.45,False,"[('NONTERM', 'RECUR'), ('NONTERM', 'RECUR'), ('NONTERM', 'OTHER')]","['[NONTERM] RECUR', '[NONTERM] RECUR', '[NONTERM] OTHER']"
2_ChenFlurMukhopadhyay-SAS2012-Ex2.13.bpl,LLM_Phase_Exp/4-multi-terminate/2_ChenFlurMukhopadhyay-SAS2012-Ex2.13.bpl,NONTERM,OTHER,NONTERM,2.56,False,"[('NONTERM', 'OTHER'), ('NONTERM', 'RECUR'), ('NONTERM', 'RECUR')]","['[NONTERM] OTHER', '[NONTERM] RECUR', '[NONTERM] RECUR']"
2_ChenFlurMukhopadhyay-SAS2012-Ex2.16.bpl,LLM_Phase_Exp/4-multi-terminate/2_ChenFlurMukhopadhyay-SAS2012-Ex2.16.bpl,NONTERM,RECUR,NONTERM,2.46,True,"[('NONTERM', 'RECUR'), ('NONTERM', 'RECUR'), ('NONTERM', 'RECUR')]","['[NONTERM] RECUR', '[NONTERM] RECUR', '[NONTERM] RECUR']"
2_LeikeHeizmann-TACAS2014-Fig1.bpl,LLM_Phase_Exp/4-multi-terminate/2_LeikeHeizmann-TACAS2014-Fig1.bpl,TERM,Single,TERM,2.87,False,"[('TERM', 'Single'), ('NONTERM', 'MONO'), ('TERM', 'Single')]","['[TERM] Single', '[NONTERM] MONO', '[TERM] Single']"
1_PastaB6.bpl,LLM_Phase_Exp/4-multi-terminate/1_PastaB6.bpl,TERM,Single,TERM,2.76,True,"[('TERM', 'Single'), ('TERM', 'Single'), ('TERM', 'Single')]","['[TERM] Single', '[TERM] Single', '[TERM] Single']"
2_AliasDarteFeautrierGonnord-SAS2010-terminate.bpl,LLM_Phase_Exp/4-multi-terminate/2_AliasDarteFeautrierGonnord-SAS2010-terminate.bpl,TERM,Single,TERM,2.49,True,"[('TERM', 'Single'), ('TERM', 'Single'), ('TERM', 'Single')]","['[TERM] Single', '[TERM] Single', '[TERM] Single']"
1_Waldkirch.bpl,LLM_Phase_Exp/4-multi-terminate/1_Waldkirch.bpl,TERM,Single,TERM,2.2,True,"[('TERM', 'Single'), ('TERM', 'Single'), ('TERM', 'Single')]","['[TERM] Single', '[TERM] Single', '[TERM] Single']"
1_PastaA6_false-no-overflow_true-termination.bpl,LLM_Phase_Exp/4-multi-terminate/1_PastaA6_false-no-overflow_true-termination.bpl,NONTERM,MONO,NONTERM,2.29,True,"[('NONTERM', 'MONO'), ('NONTERM', 'MONO'), ('NONTERM', 'MONO')]","['[NONTERM] MONO', '[NONTERM] MONO', '[NONTERM] MONO']"
1_PastaA4.bpl,LLM_Phase_Exp/4-multi-terminate/1_PastaA4.bpl,TERM,Single,TERM,2.19,True,"[('TERM', 'Single'), ('TERM', 'Single'), ('TERM', 'Single')]","['[TERM] Single', '[TERM] Single', '[TERM] Single']"
4_4NestedWith3Variables-2.bpl,LLM_Phase_Exp/4-multi-terminate/4_4NestedWith3Variables-2.bpl,TERM,Single,TERM,2.27,False,"[('TERM', 'Single'), ('TERM', 'Single'), ('NONTERM', 'RECUR')]","['[TERM] Single', '[TERMINATING] Single', '[NONTERM] RECUR']"
1_WhileDecr.bpl,LLM_Phase_Exp/4-multi-terminate/1_WhileDecr.bpl,TERM,Single,TERM,2.97,True,"[('TERM', 'Single'), ('TERM', 'Single'), ('TERM', 'Single')]","['[TERM] Single', '[TERM] Single', '[TERM] Single']"
1_PastaA5_false-no-overflow_true-termination.bpl,LLM_Phase_Exp/4-multi-terminate/1_PastaA5_false-no-overflow_true-termination.bpl,NONTERM,MONO,NONTERM,2.28,True,"[('NONTERM', 'MONO'), ('NONTERM', 'MONO'), ('NONTERM', 'MONO')]","['[NONTERM] MONO', '[NONTERM] MONO', '[NONTERM] MONO']"
4_AliasDarteFeautrierGonnord-SAS2010-exmini.bpl,LLM_Phase_Exp/4-multi-terminate/4_AliasDarteFeautrierGonnord-SAS2010-exmini.bpl,TERM,Single,TERM,2.28,False,"[('TERM', 'Single'), ('TERM', 'Other'), ('TERM', 'Single')]","['[TERM] Single', '[TERM] Other', '[TERM] Single']"
1_PastaB2.bpl,LLM_Phase_Exp/4-multi-terminate/1_PastaB2.bpl,TERM,Single,TERM,3.43,True,"[('TERM', 'Single'), ('TERM', 'Single'), ('TERM', 'Single')]","['[TERM] Single', '[TERM] Single', '[TERM] Single']"
1_PastaC7_false-no-overflow.bpl,LLM_Phase_Exp/4-multi-terminate/1_PastaC7_false-no-overflow.bpl,TERM,Single,TERM,2.9,False,"[('TERM', 'Single'), ('NONTERM', 'RECUR'), ('NONTERM', 'OTHER')]","['[TERM] Single', '[NONTERM] RECUR', '[NONTERM] OTHER']"
1_PastaB4.bpl,LLM_Phase_Exp/4-multi-terminate/1_PastaB4.bpl,NONTERM,RECUR,NONTERM,2.65,True,"[('NONTERM', 'RECUR'), ('NONTERM', 'RECUR'), ('NONTERM', 'RECUR')]","['[NONTERM] RECUR', '[NONTERM] RECUR', '[NONTERM] RECUR']"
1_a.09_assume_false-no-overflow.bpl,LLM_Phase_Exp/4-multi-terminate/1_a.09_assume_false-no-overflow.bpl,NONTERM,MONO,NONTERM,2.36,True,"[('NONTERM', 'MONO'), ('NONTERM', 'MONO'), ('NONTERM', 'MONO')]","['[NONTERM] MONO', '[NONTERM] MONO', '[NONTERM] MONO']"
2_154.bpl,LLM_Phase_Exp/4-multi-terminate/2_154.bpl,TERM,Single,TERM,5.25,True,"[('TERM', 'Single'), ('TERM', 'Single'), ('TERM', 'Single')]","['[TERM] Single\n\nThe given program has a loop with variables `x0` and `x1` which are updated in each iteration. To prove termination, we can construct a ranking function. Here, a simple ranking function can be constructed based on the variable `x1`:\n\nConsider the variable `x1`. In each iteration, `x1` is updated as `x1 := x1 - 2.0`. This implies that `x1` decreases by a constant value of `2.0` in every iteration. Since `x1` decreases monotonically and is not bounded below infinitely, we can use `x1` as a single linear ranking function.\n\nThus, the program is TERMINATING due to a simple Single linear ranking function based on the variable `x1`.', '[TERM] Single', '[TERM] Single']"
4_7.bpl,LLM_Phase_Exp/4-multi-terminate/4_7.bpl,NONTERM,RECUR,NONTERM,2.26,False,"[('NONTERM', 'RECUR'), ('NONTERM', 'RECUR'), ('NONTERM', 'OTHER')]","['[NONTERM] RECUR', '[NONTERM] RECUR', '[NONTERM] OTHER']"
