ChenFlurMukhopadhyay-SAS2012-Ex2.08.bpl,Y,Nested,2,"[('TERM', 'Single'), ('TERM', 'Single'), ('TERM', 'Single')]",51.65
LeikeHeizmann-TACAS2014-Ex9.bpl,Y,Nested,1,"[('TERM', 'Single'), ('TERM', 'Single'), ('TERM', 'Single')]",29.29
ChenFlurMukhopadhyay-SAS2012-Ex2.10.bpl,Y,Nested,1,"[('TERM', 'Single'), ('TERM', 'Single'), ('TERM', 'Single')]",35.79
PastaA8_false-no-overflow_true-termination.bpl,Y,Nested,1,"[('TERM', 'Single'), ('TERM', 'Single'), ('TERM', 'Single')]",19.47
2.bpl,Y,Nested,3,"[('TERM', 'Multi'), ('TERM', 'Nested'), ('TERM', 'Nested')]",82.93
LeikeHeizmann-TACAS2014-Ex1.bpl,Y,Nested,1,"[('TERM', 'Single'), ('TERM', 'Single'), ('TERM', 'Single')]",28.16
Copenhagen.bpl,Y,Nested,1,"[('TERM', 'Single'), ('TERM', 'Single'), ('TERM', 'Single')]",28.06
ChenFlurMukhopadhyay-SAS2012-Ex3.03.bpl,Y,Nested,3,"[('TERM', 'Single'), ('TERM', 'Multi'), ('TERM', 'Multi')]",122.04
PodelskiRybalchenko-TACAS2011-Fig1.bpl,Y,Nested,1,"[('TERM', 'Single'), ('TERM', 'Single'), ('TERM', 'Single')]",15.92
ChenFlurMukhopadhyay-SAS2012-Ex2.07.bpl,Y,Nested,1,"[('TERM', 'Other'), ('TERM', 'Other'), ('TERM', 'Multi')]",51.86
b.03_assume_false-no-overflow.bpl,Y,Nested,1,"[('TERM', 'Single'), ('TERM', 'Single'), ('TERM', 'Single')]",38.15
171.bpl,Y,Nested,1,"[('TERM', 'Single'), ('TERM', 'Single'), ('TERM', 'Single')]",29.49
151.bpl,Y,Nested,1,"[('TERM', 'Single'), ('TERM', 'Other'), ('TERM', 'Single')]",113.94
144.bpl,Y,Nested,2,"[('TERM', 'Other'), ('TERM', 'Other'), ('TERM', 'Other')]",72.91
55.bpl,Y,Nested,1,"[('TERM', 'Other'), ('TERM', 'Nested'), ('TERM', 'Single')]",69.34
167.bpl,Y,Nested,1,"[('TERM', 'Other'), ('TERM', 'Single'), ('TERM', 'Other')]",85.76
126.bpl,Y,Nested,2,"[('TERM', 'Multi'), ('TERM', 'Multi'), ('TERM', 'Multi')]",58.53
PastaC7.bpl,Y,Nested,1,"[('TERM', 'Single'), ('TERM', 'Single'), ('TERM', 'Single')]",64.21
2Nested-2.bpl,Y,Nested,2,"[('TERM', 'Nested'), ('TERM', 'Multi'), ('TERM', 'Nested')]",210.58
a.09_assume.bpl,Y,Nested,1,"[('TERM', 'Single'), ('TERM', 'Single'), ('TERM', 'Single')]",61.23
ChenFlurMukhopadhyay-SAS2012-Ex3.05.bpl,Y,Nested,2,"[('TERM', 'Other'), ('TERM', 'Multi'), ('TERM', 'Multi')]",130.51
61.bpl,Y,Nested,1,"[('TERM', 'Single'), ('TERM', 'Single'), ('TERM', 'Single')]",50.27
73.bpl,Y,Nested,2,"[('TERM', 'Multi'), ('TERM', 'Other'), ('TERM', 'Nested')]",88.25
158.bpl,Y,Nested,1,"[('TERM', 'Single'), ('TERM', 'Single'), ('TERM', 'Single')]",88.64
162.bpl,Y,Nested,1,"[('TERM', 'Other'), ('TERM', 'Single'), ('TERM', 'Single')]",83.73
133.bpl,Y,Nested,1,"[('TERM', 'Single'), ('TERM', 'Single'), ('TERM', 'Single')]",14.9
154.bpl,Y,Nested,4,"[('TERM', 'Multi'), ('TERM', 'Multi'), ('TERM', 'Multi')]",106.09
149.bpl,Y,Nested,1,"[('TERM', 'Single'), ('TERM', 'Single'), ('TERM', 'Single')]",52.36
b.04.bpl,Y,Nested,1,"[('TERM', 'Single'), ('TERM', 'Single'), ('TERM', 'Single')]",30.63
67.bpl,Y,Nested,2,"[('TERM', 'Multi'), ('TERM', 'Multi'), ('TERM', 'Multi')]",47.05
159.bpl,Y,Nested,1,"[('TERM', 'Single'), ('TERM', 'Single'), ('TERM', 'Single')]",61.86
15.bpl,Y,Nested,3,"[('TERM', 'Multi'), ('TERM', 'Multi'), ('TERM', 'Multi')]",37.74
ChenFlurMukhopadhyay-SAS2012-Ex2.13.bpl,Y,Nested,2,"[('TERM', 'Nested'), ('TERM', 'Nested'), ('TERM', 'Single')]",144.5
115.bpl,Y,Nested,1,"[('TERM', 'Single'), ('TERM', 'Single'), ('TERM', 'Single')]",17.94
68.bpl,Y,Nested,3,"[('TERM', 'Nested'), ('TERM', 'Nested'), ('TERM', 'Nested')]",19.5
150.bpl,Y,Nested,1,"[('TERM', 'Single'), ('TERM', 'Single'), ('TERM', 'Single')]",34.2
164.bpl,Y,Nested,1,"[('TERM', 'Single'), ('TERM', 'Single'), ('TERM', 'Single')]",40.64
ChenFlurMukhopadhyay-SAS2012-Ex2.16.bpl,Y,Nested,2,"[('TERM', 'Nested'), ('TERM', 'Nested'), ('TERM', 'Nested')]",71.42
LeikeHeizmann-TACAS2014-Fig1.bpl,Y,Nested,2,"[('TERM', 'Multi'), ('TERM', 'Multi'), ('TERM', 'Nested')]",112.24
83.bpl,Y,Nested,1,"[('TERM', 'Single'), ('TERM', 'Single'), ('TERM', 'Single')]",59.61
PastaB6.bpl,Y,Nested,1,"[('TERM', 'Single'), ('TERM', 'Single'), ('TERM', 'Single')]",16.14
30.bpl,Y,Nested,1,"[('TERM', 'Single'), ('TERM', 'Single'), ('TERM', 'Single')]",30.33
148.bpl,Y,Nested,1,"[('TERM', 'Single'), ('TERM', 'Other'), ('TERM', 'Other')]",130.79
36.bpl,Y,Nested,1,"[('TERM', 'Single'), ('TERM', 'Single'), ('TERM', 'Single')]",21.42
72.bpl,Y,Nested,2,"[('TERM', 'Multi'), ('TERM', 'Single'), ('TERM', 'Single')]",62.55
Waldkirch.bpl,Y,Nested,1,"[('TERM', 'Single'), ('TERM', 'Single'), ('TERM', 'Single')]",12.5
PastaA6_false-no-overflow_true-termination.bpl,Y,Nested,1,"[('TERM', 'Single'), ('TERM', 'Single'), ('TERM', 'Single')]",21.87
166.bpl,Y,Nested,1,"[('TERM', 'Single'), ('TERM', 'Single'), ('TERM', 'Multi')]",66.85
PastaA4.bpl,Y,Nested,1,"[('TERM', 'Single'), ('TERM', 'Single'), ('TERM', 'Single')]",25.1
52.bpl,Y,Nested,1,"[('TERM', 'Single'), ('TERM', 'Single'), ('TERM', 'Single')]",20.86
WhileDecr.bpl,Y,Nested,1,"[('TERM', 'Single'), ('TERM', 'Single'), ('TERM', 'Single')]",15.16
PastaA5_false-no-overflow_true-termination.bpl,Y,Nested,1,"[('TERM', 'Single'), ('TERM', 'Single'), ('TERM', 'Single')]",15.68
PastaB2.bpl,Y,Nested,1,"[('TERM', 'Single'), ('TERM', 'Single'), ('TERM', 'Single')]",20.43
156.bpl,Y,Nested,2,"[('TERM', 'Nested'), ('TERM', 'Nested'), ('TERM', 'Single')]",85.67
PastaC7_false-no-overflow.bpl,Y,Nested,1,"[('TERM', 'Other'), ('TERM', 'Single'), ('TERM', 'Single')]",67.19
PastaB4.bpl,Y,Nested,1,"[('TERM', 'Single'), ('TERM', 'Single'), ('TERM', 'Single')]",32.1
1.bpl,Y,Nested,1,"[('TERM', 'Single'), ('TERM', 'Single'), ('TERM', 'Single')]",29.58
168.bpl,Y,Nested,1,"[('TERM', 'Single'), ('TERM', 'Single'), ('TERM', 'Single')]",25.29
a.09_assume_false-no-overflow.bpl,Y,Nested,1,"[('TERM', 'Single'), ('TERM', 'Single'), ('TERM', 'Single')]",23.32
163.bpl,Y,Nested,1,"[('TERM', 'Other'), ('TERM', 'Other'), ('TERM', 'Single')]",85.73
152.bpl,Y,Nested,1,"[('TERM', 'Single'), ('TERM', 'Single'), ('TERM', 'Single')]",76.66
57.bpl,Y,Nested,1,"[('TERM', 'Single'), ('TERM', 'Single'), ('TERM', 'Single')]",26.7
132.bpl,Y,Nested,1,"[('TERM', 'Single'), ('TERM', 'Single'), ('TERM', 'Single')]",14.54
b.03_assume.bpl,Y,Nested,1,"[('TERM', 'Single'), ('TERM', 'Single'), ('TERM', 'Single')]",33.47
153.bpl,Y,Nested,1,"[('TERM', 'Other'), ('TERM', 'Other'), ('TERM', 'Other')]",90.53
GulavaniGulwani-CAV2008-Fig1c.bpl,Y,Nested,1,"[('TERM', 'Single'), ('TERM', 'Single'), ('TERM', 'Single')]",20.7
165.bpl,Y,Nested,1,"[('TERM', 'Single'), ('TERM', 'Single'), ('TERM', 'Single')]",32.31
PastaB11_false-no-overflow_true-termination.bpl,Y,Nested,1,"[('TERM', 'Single'), ('TERM', 'Single'), ('TERM', 'Single')]",19.39
PastaB1.bpl,Y,Nested,1,"[('TERM', 'Single'), ('TERM', 'Single'), ('TERM', 'Single')]",17.41
160.bpl,Y,Nested,1,"[('TERM', 'Single'), ('TERM', 'Single'), ('TERM', 'Single')]",70.55
ChenFlurMukhopadhyay-SAS2012-Ex2.01.bpl,Y,Nested,2,"[('TERM', 'Single'), ('TERM', 'Single'), ('TERM', 'Nested')]",83.95
ChenFlurMukhopadhyay-SAS2012-Ex3.04.bpl,Y,Nested,2,"[('TERM', 'Multi'), ('TERM', 'Multi'), ('TERM', 'Multi')]",117.85
58.bpl,Y,Nested,1,"[('TERM', 'Single'), ('TERM', 'Single'), ('TERM', 'Single')]",25.69
66.bpl,Y,Nested,2,"[('TERM', 'Multi'), ('TERM', 'Multi'), ('TERM', 'Multi')]",22.7
29.bpl,Y,Nested,1,"[('TERM', 'Single'), ('TERM', 'Single'), ('TERM', 'Single')]",36.02
127.bpl,Y,Nested,1,"[('TERM', 'Single'), ('TERM', 'Single'), ('TERM', 'Single')]",31.45
161.bpl,Y,Nested,1,"[('TERM', 'Multi'), ('TERM', 'Single'), ('TERM', 'Single')]",66.41
51.bpl,Y,Nested,2,"[('TERM', 'Single'), ('TERM', 'Multi'), ('TERM', 'Multi')]",56.45
ColonSipma-TACAS2001-Fig1.bpl,Y,Multi,2,"[('TERM', 'Single'), ('TERM', 'Single'), ('TERM', 'Single')]",131.34
PastaA7.bpl,Y,Multi,1,"[('TERM', 'Single'), ('TERM', 'Single'), ('TERM', 'Single')]",43.14
PastaB7.bpl,Y,Multi,1,"[('TERM', 'Single'), ('TERM', 'Single'), ('TERM', 'Single')]",23.85
157.bpl,Y,Multi,2,"[('TERM', 'Single'), ('TERM', 'Single'), ('TERM', 'Single')]",62.32
AliasDarteFeautrierGonnord-SAS2010-terminate.bpl,Y,Multi,2,"[('TERM', 'Single'), ('TERM', 'Single'), ('TERM', 'Other')]",133.16
4NestedWith3Variables-2.bpl,Y,Multi,4,"[('TERM', 'Other'), ('TERM', 'Other'), ('TERM', 'Other')]",80.32
AliasDarteFeautrierGonnord-SAS2010-exmini.bpl,Y,Multi,4,"[('TERM', 'Single'), ('TERM', 'Single'), ('TERM', 'Single')]",82.52
7.bpl,Y,Multi,4,"[('TERM', 'Multi'), ('TERM', 'Nested'), ('TERM', 'Multi')]",111.69
