file,depth,terminating,mode,svmranker_time,ranking_function,llm_run_time
0,0,NONTERM,1-nested,0.816494,,6.951
1,1,TERMINATE,4-nested,0.817107,0.3 *  x0^1.0 + 0.3 *  x1^1.0 + 0.7 * 1,9.2905
10,0,NONTERM,1-nested,0.817006,,8.17
100,0,UNKNOWN,1-nested,1.018311,,6.079
101,0,UNKNOWN,1-nested,1.019275,,6.4631
102,0,UNKNOWN,1-nested,0.918172,,10.3615
103,0,UNKNOWN,1-nested,0.917658,,6.6524
104,0,UNKNOWN,1-nested,0.96857,,9.9926
105,0,UNKNOWN,1-nested,0.968806,,9.5551
106,0,UNKNOWN,1-nested,0.918778,,8.3651
107,0,UNKNOWN,1-nested,1.01742,,7.4881
108,0,UNKNOWN,1-nested,0.91823,,7.8814
109,0,UNKNOWN,1-nested,0.967464,,5.7152
11,0,NONTERM,4-nested,0.817275,,10.6348
112,0,UNKNOWN,4-nested,1.372676,,19.1245
113,0,NONTERM,4-nested,0.817243,,9.6785
115,1,TERMINATE,4-multi,0.872368,0.4 *  x0^1 + 0.7 * 1,12.7342
116,0,UNKNOWN,1-nested,1.119406,,7.9873
117,0,NONTERM,1-nested,0.819848,,6.8184
119,0,NONTERM,1-nested,0.768747,,18.7016
12,0,NONTERM,4-nested,0.821531,,10.4542
120,0,NONTERM,1-nested,0.817991,,6.1383
121,0,UNKNOWN,1-nested,1.069478,,6.2538
122,0,NONTERM,1-nested,0.767676,,12.5261
123,0,NONTERM,1-nested,0.768188,,6.3481
125,0,NONTERM,1-nested,0.768751,,6.8634
126,2,TERMINATE,1-nested,0.920345,2.8395 *  x0^1.0 + 0.9465 *  x1^1.0 + 1.0669 * 1; 0.9465 *  x0^1.0 + 0.964 * 1,8.6614
127,1,TERMINATE,4-multi,1.26983,1.5 *  x0^1 + 0.5 *  x1^1 + 0.8 * 1,8.3031
129,0,UNKNOWN,4-nested,2.369581,,13.493
13,0,NONTERM,1-nested,0.768758,,8.0075
131,0,NONTERM,1-nested,0.81815,,7.2715
132,1,TERMINATE,4-nested,0.818621,0.9 *  x0^1.0 + 1.0 * 1,8.0896
133,1,TERMINATE,4-nested,0.868842,1.0 *  x0^1.0 + 1.0 * 1,7.466
136,0,UNKNOWN,1-nested,1.070518,,8.2341
140,0,NONTERM,4-nested,0.818682,,9.1246
144,2,TERMINATE,4-nested,1.470406,- 0.5025 *  x1^1.0 - 0.5025 *  x[3]^1.0 + 0.9579 * 1; 0.5025 *  x0^1.0 + 0.5025 *  x[2]^1.0 + 0.5447 * 1,9.8856
146,,,4-nested,12.49975,,23.0168
147,,,4-nested,20.464795,,29.8806
148,1,TERMINATE,1-nested,0.819165,- 0.6634 *  x0^1.0 + 0.6634 *  x1^1.0 + 1.4257 * 1,5.6457
149,1,TERMINATE,4-nested,0.818264,- 0.1379 *  x0^1.0 + 0.6896 *  x1^1.0 + 0.6667 * 1,8.8903
15,0,UNKNOWN,4-multi,77.030107,,84.0224
150,1,TERMINATE,4-nested,0.870899,0.4927 *  x0^1.0 + 0.515 *  x1^1.0 + 0.6832 * 1,9.9889
151,1,TERMINATE,4-nested,0.867776,- 0.2656 *  x0^1.0 - 0.371 *  x1^1.0 + 1.686 * 1,8.0324
152,1,TERMINATE,1-nested,0.872184,0.0063 *  x0^1.0 + 0.5135 *  x1^1.0 + 0.3107 * 1,10.3818
153,1,TERMINATE,1-nested,0.817872,0.9345 *  x0^1.0 + 0.9345 *  x1^1.0 - 0.3056 *  x[2]^1.0 + 0.6667 * 1,6.9022
154,0,UNKNOWN,1-nested,0.96867,,8.5016
155,0,UNKNOWN,4-multi,6.633476,,15.3417
156,2,TERMINATE,1-nested,0.920699,0.9857 *  x1^1.0 + 0.9928 * 1; 0.9857 *  x0^1.0 + 0.9655 * 1,5.5696
157,0,UNKNOWN,1-nested,0.971278,,7.0925
158,1,TERMINATE,4-nested,0.76981,0.6383 *  x0^1.0 + 0.7362 *  x1^1.0 + 0.3137 * 1,11.0362
159,1,TERMINATE,4-nested,0.76965,0.2388 *  x0^1.0 + 0.4094 *  x1^1.0 + 0.2814 * 1,10.5103
160,1,TERMINATE,4-multi,0.816879,0.0615 *  x0^1 + 0.4718 * 1 + 0.4718 * 1,16.0084
161,1,TERMINATE,1-nested,1.117704,0.989 *  x0^1.0 + 0.989 *  x1^1.0 + 0.8211 * 1,9.5474
162,1,TERMINATE,4-multi,0.868001,- 0.7187 *  x0^1 + 0.9531 * 1 + 0.9531 * 1 + 0.9531 * 1,9.4617
163,1,TERMINATE,4-nested,0.819761,0.0231 *  x0^1.0 + 0.0341 *  x1^1.0 + 0.0145 *  x[2]^1.0 + 0.8582 * 1,9.3016
164,1,TERMINATE,4-nested,0.871005,0.0001 *  x0^1.0 - 0.4716 *  x1^1.0 + 0.531 *  x[2]^1.0 + 0.8877 * 1,8.3875
165,1,TERMINATE,1-nested,0.818221,0.8889 *  x0^1.0 + 0.6667 * 1,7.6051
166,1,TERMINATE,4-nested,0.818386,0.9272 *  x0^1.0 + 0.0027 *  x1^1.0 + 0.0089 *  x[2]^1.0 + 0.9092 * 1,11.7874
167,1,TERMINATE,4-multi,0.969077,0.4 * 1 + 0.9946 *  x1^1 + 0.4 * 1,10.5239
168,1,TERMINATE,4-nested,0.817361,0.9231 *  x0^1.0 + 0.6667 * 1,8.7527
169,0,UNKNOWN,1-nested,0.96815,,9.0964
170,0,UNKNOWN,1-nested,0.967928,,7.6029
171,1,TERMINATE,1-nested,0.818935,0.0198 *  x0^1.0 + 0.914 *  x1^1.0 + 0.9135 * 1,6.4317
2,2,TERMINATE,1-nested,0.918414,1.0 *  x1^1.0 + 1.0 * 1; 1.0 *  x0^1.0 + 1.0 * 1,7.606
21,0,UNKNOWN,4-nested,1.721506,,13.0485
22,0,UNKNOWN,4-nested,1.669698,,9.7072
23,0,UNKNOWN,1-nested,1.017277,,8.132
24,0,UNKNOWN,1-nested,0.970633,,9.4699
25,0,UNKNOWN,1-nested,1.320414,,6.7571
26,0,UNKNOWN,4-multi,7.784762,,14.8799
27,0,UNKNOWN,4-multi,76.201158,,86.0581
29,1,TERMINATE,4-nested,0.818478,1.0 *  x1^1.0 + 1.0 *  x[2]^1.0 + 1.0 * 1,13.5185
2Nested-2,2,TERMINATE,1-nested,0.867388,1.0 *  x1^1.0 + 1.0 * 1; 1.0 *  x0^1.0 + 1.0 * 1,6.6634
2Nested_false-termination_true-valid-memsafety,0,UNKNOWN,1-nested,0.967091,,9.273
30,1,TERMINATE,4-multi,1.018157,0.3 * 1 + 0.9 *  x1^1 + 0.3 * 1 + 0.3 * 1,12.1117
31,0,UNKNOWN,4-multi,11.642211,,18.1749
32,0,UNKNOWN,4-nested,2.071913,,12.7047
34,0,UNKNOWN,4-nested,1.720142,,8.6826
35,0,NONTERM,1-nested,0.819937,,8.4239
36,1,TERMINATE,4-nested,0.819232,0.9 *  x0^1.0 + 0.7 * 1,10.5112
38,0,UNKNOWN,1-nested,0.918295,,7.4767
39,0,NONTERM,4-multi,0.817732,,8.877
4,0,UNKNOWN,4-multi,10.333968,,18.6098
40,0,NONTERM,4-multi,0.817366,,7.575
42,0,NONTERM,4-nested,0.766712,,10.0943
43,0,NONTERM,4-nested,0.869826,,8.6646
46,0,UNKNOWN,4-nested,2.071347,,9.5506
47,0,NONTERM,4-multi,0.818463,,6.8248
48,0,NONTERM,1-nested,0.769002,,26.4686
49,0,NONTERM,4-nested,0.820664,,9.1114
4NestedWith3Variables-2,0,UNKNOWN,1-nested,1.017531,,9.75
50,0,UNKNOWN,4-nested,1.072474,,7.7012
51,2,TERMINATE,4-nested,0.967274,0.9541 *  x0^1.0 - 0.9541 *  x1^1.0 + 0.0847 * 1; 0.9541 *  x0^1.0 + 0.0846 * 1,15.1633
52,1,TERMINATE,4-nested,0.819587,1.0 *  x0^1.0 + 0.7 * 1,9.1668
53,0,NONTERM,1-nested,0.819535,,16.3622
55,1,TERMINATE,4-multi,1.469745,0.5 *  x0^1 + 0.5 *  x1^1 + 0.5 *  x[2]^1 + 0.9 * 1,8.3938
57,1,TERMINATE,1-nested,0.867119,1.0 *  x1^1.0 + 1.0 * 1,8.8932
58,1,TERMINATE,4-nested,0.823316,0.9 * 1,10.4285
59,0,NONTERM,1-nested,0.818865,,7.1239
6,4,TERMINATE,4-multi,5.975972,"1.0 *  x0^1 - 0.1 *  x1^1 - 0.2 *  x[2]^1 + 1.0 * 1
 - 0.0013 *  x0^1 + 0.01 *  x1^1 - 0.0129 *  x[2]^1 + 1.0 * 1
1.0 * 1 + 0.0016 *  x1^1 + 1.0 * 1 + 1.0 * 1
0.0276 *  x0^1 + 0.3236 * 1 + 0.3236 * 1 + 0.3236 * 1",12.8394
60,0,NONTERM,4-multi,0.820063,,10.8031
61,1,TERMINATE,4-nested,0.817795,0.2 *  x0^1.0 + 1.0 * 1,22.9499
62,0,UNKNOWN,4-nested,1.420365,,10.1249
63,0,NONTERM,4-nested,0.819561,,7.8407
65,0,NONTERM,4-multi,0.82002,,9.7188
66,2,TERMINATE,4-multi,1.769233,"0.9946 *  x0^1 + 0.4973 *  x1^1 + 1.0 * 1
0.1833 *  x0^1 + 0.4791 * 1 + 0.4791 * 1",7.9261
67,2,TERMINATE,4-multi,2.522709,"0.9966 *  x0^1 + 0.4983 *  x1^1 - 0.4983 *  x[2]^1 + 1.0 * 1
0.1288 *  x0^1 + 0.3158 * 1 + 0.3158 * 1 + 0.3158 * 1",9.9634
68,3,TERMINATE,4-multi,4.625942,"0.995 *  x0^1 + 0.4975 *  x1^1 - 0.995 *  x[2]^1 + 1.5722976111805893 * 1
0.085 *  x0^1 + 0.2072 *  x1^1 + 0.1346 *  x[2]^1 + 1.0 * 1
0.0689 *  x0^1 + 0.3226 * 1 + 0.3226 * 1 + 0.3226 * 1",12.5812
7,4,TERMINATE,4-multi,44.909264,"1.0 * 1 + 1.0 * 1 + 1.0 * 1 + 1.0 *  x[3]^1 + 1.0 * 1
1.5517296478446239 * 1 + 1.5517296478446239 * 1 + 0.4907 *  x[2]^1 + 1.5517296478446239 * 1 + 1.5517296478446239 * 1
1.6671527824407697 * 1 + 0.1318 *  x1^1 + 1.6671527824407697 * 1 + 1.6671527824407697 * 1 + 1.6671527824407697 * 1
0.038 *  x0^1 + 0.2449 * 1 + 0.2449 * 1 + 0.2449 * 1 + 0.2449 * 1",56.5261
70,0,NONTERM,1-nested,0.817184,,6.2513
71,,,4-nested,5.375896,,13.8416
72,2,TERMINATE,4-nested,0.921592,- 1.0 *  x1^1.0 + 1.9 * 1; 1.0 *  x0^1.0 + 1.0 *  x1^1.0 + 1.0 * 1,13.8947
73,2,TERMINATE,4-nested,0.970691,- 0.5 *  x[3]^1.0 + 1.0 * 1; 0.5 *  x1^1.0 - 0.5 *  x[2]^1.0 + 1.0 * 1,10.6704
74,0,UNKNOWN,4-multi,4.479123,,14.1362
75,0,UNKNOWN,1-nested,0.867573,,6.3477
78,0,UNKNOWN,1-nested,1.021184,,6.3451
79,0,NONTERM,1-nested,0.822846,,7.4333
8,,,4-multi,300.01534,,307.0796
80,0,UNKNOWN,1-nested,0.969763,,8.6053
81,0,UNKNOWN,4-nested,4.528263,,22.6384
82,0,UNKNOWN,1-nested,1.021904,,6.9103
83,1,TERMINATE,1-nested,0.818479,0.1635 *  x0^1.0 - 0.6462 *  x1^1.0 + 1.4831 * 1,7.9603
84,0,UNKNOWN,1-nested,0.970381,,10.3045
85,0,UNKNOWN,1-nested,1.220537,,7.9792
86,0,UNKNOWN,1-nested,0.968044,,7.6568
87,0,NONTERM,1-nested,0.821739,,7.7628
88,0,UNKNOWN,1-nested,0.970032,,6.836
89,0,NONTERM,1-nested,0.816874,,7.3945
9,0,NONTERM,4-nested,0.767825,,7.7518
90,0,NONTERM,1-nested,0.820266,,6.4289
93,0,UNKNOWN,1-nested,0.917848,,6.1209
94,0,UNKNOWN,1-nested,0.968571,,5.7719
95,0,NONTERM,1-nested,0.819224,,7.3888
96,0,UNKNOWN,1-nested,0.919305,,8.7867
97,0,UNKNOWN,1-nested,0.917263,,6.5043
98,0,UNKNOWN,1-nested,0.969848,,6.6087
99,0,UNKNOWN,1-nested,1.220034,,8.3217
a.09_assume,1,TERMINATE,1-nested,0.817,0.9 *  x0^1.0 + 0.2 *  x1^1.0 - 0.9 *  x[2]^1.0 + 0.7 * 1,7.3624
a.09_assume_false-no-overflow,1,TERMINATE,1-nested,0.820107,0.9 *  x0^1.0 + 0.2 *  x1^1.0 - 0.9 *  x[2]^1.0 + 0.7 * 1,17.4577
AliasDarteFeautrierGonnord-SAS2010-exmini,0,UNKNOWN,1-nested,1.068617,,7.3139
AliasDarteFeautrierGonnord-SAS2010-terminate,0,UNKNOWN,1-nested,1.117463,,6.7494
b.03-no-inv_assume,0,NONTERM,4-nested,0.817763,,8.8828
b.03_assume,1,TERMINATE,4-nested,0.819387,1.0 *  x0^1.0 - 1.0 *  x1^1.0 + 1.0 * 1,8.8917
b.03_assume_false-no-overflow,2,TERMINATE,1-nested,0.967586,0.4308 *  x0^1.0 - 0.6007 *  x1^1.0 + 0.3534 * 1; 0.3438 *  x0^1.0 - 0.1782 *  x1^1.0 + 0.438 * 1,8.2289
b.04,1,TERMINATE,4-multi,1.571616,0.5 *  x0^1 - 0.5 *  x1^1 + 0.7 * 1,9.5894
Bangalore-1,0,NONTERM,1-nested,0.81673,,11.0873
Bangalore_v2,0,NONTERM,1-nested,0.818027,,6.8689
Bangalore_v3,0,NONTERM,1-nested,0.819253,,10.4747
Bangalore_v4,0,NONTERM,1-nested,0.819828,,9.0003
Cairo,0,UNKNOWN,4-nested,1.518843,,10.4323
Cairo_step2-2,0,UNKNOWN,1-nested,0.919628,,9.1014
ChenFlurMukhopadhyay-SAS2012-Ex2.01,2,TERMINATE,1-nested,0.868002,1.0 *  x1^1.0 + 0.9 * 1; 1.0 *  x0^1.0 + 0.7 * 1,7.1007
ChenFlurMukhopadhyay-SAS2012-Ex2.02,0,UNKNOWN,1-nested,0.968999,,6.3566
ChenFlurMukhopadhyay-SAS2012-Ex2.07,1,TERMINATE,1-nested,0.820955,- 0.5 *  x0^1.0 + 0.4 *  x1^1.0 + 1.2 * 1,6.7828
ChenFlurMukhopadhyay-SAS2012-Ex2.08,2,TERMINATE,1-nested,0.91916,- 1.0 *  x1^1.0 + 1.0 * 1; 0.5 *  x0^1.0 + 0.7 * 1,6.1567
ChenFlurMukhopadhyay-SAS2012-Ex2.10,1,TERMINATE,4-nested,0.769633,0.9 *  x0^1.0 + 0.7 * 1,7.0172
ChenFlurMukhopadhyay-SAS2012-Ex2.11,0,UNKNOWN,4-nested,1.820519,,9.7792
ChenFlurMukhopadhyay-SAS2012-Ex2.12,0,NONTERM,1-nested,0.817457,,6.739
ChenFlurMukhopadhyay-SAS2012-Ex2.13,2,TERMINATE,4-nested,0.917648,- 1.0 *  x1^1.0; 1.0 *  x0^1.0 - 1.0 *  x1^1.0 + 1.0 * 1,9.5251
ChenFlurMukhopadhyay-SAS2012-Ex2.14,0,NONTERM,1-nested,0.820134,,9.3558
ChenFlurMukhopadhyay-SAS2012-Ex2.15,0,NONTERM,1-nested,0.768941,,9.2528
ChenFlurMukhopadhyay-SAS2012-Ex2.16,2,TERMINATE,1-nested,0.919759,1.0 *  x1^1.0 + 1.0 * 1; 1.0 *  x0^1.0 + 1.0 * 1,5.9463
ChenFlurMukhopadhyay-SAS2012-Ex3.02,0,NONTERM,1-nested,0.767437,,7.0581
ChenFlurMukhopadhyay-SAS2012-Ex3.03,0,UNKNOWN,1-nested,1.022835,,6.699
ChenFlurMukhopadhyay-SAS2012-Ex3.04,2,TERMINATE,1-nested,0.9175,- 0.9 *  x0^1.0 - 0.9 *  x1^1.0 + 1.0 * 1; - 0.9 *  x0^1.0 + 0.9 *  x[2]^1.0 + 1.0 * 1,8.8292
ChenFlurMukhopadhyay-SAS2012-Ex3.05,2,TERMINATE,1-nested,0.919724,- 0.9 *  x1^1.0 + 0.1 *  x[2]^1.0 + 0.9 * 1; - 0.9 *  x0^1.0 + 0.9 *  x[2]^1.0 + 1.0 * 1,8.8906
ColonSipma-TACAS2001-Fig1,0,UNKNOWN,1-nested,1.120636,,9.0131
ComplInterv_false-no-overflow_false-termination,0,UNKNOWN,1-nested,0.919176,,9.506
ConvLower,0,NONTERM,1-nested,0.818174,,7.7195
CookSeeZuleger-TACAS2013-Fig1,,,4-multi,0.820004,,6.9451
CookSeeZuleger-TACAS2013-Fig8a-modified,0,UNKNOWN,4-nested,2.024781,,11.0566
CookSeeZuleger-TACAS2013-Fig8a,3,TERMINATE,4-nested,1.218894,0.2 *  x0^2.0; 0.1 * 1; 0.2 *  x0^2.0,10.6109
CookSeeZuleger-TACAS2013-Fig8b,0,NONTERM,4-multi,0.81777,,13.4918
Copenhagen,1,TERMINATE,1-nested,0.818791,0.5 *  x0^1.0 + 0.5 *  x1^1.0 + 0.9 * 1,7.9255
Copenhagen_disj-1,0,UNKNOWN,1-nested,1.067216,,7.8127
Cousot_false-no-overflow_false-termination,0,UNKNOWN,1-nested,1.071855,,5.7641
DoubleNeg_false-no-overflow_false-termination,,,4-nested,5.576093,,13.084
Even_false-no-overflow_false-termination,0,UNKNOWN,1-nested,1.019317,,6.9991
Ex01_false-no-overflow_false-termination,0,UNKNOWN,1-nested,0.921704,,10.8311
Ex02,0,NONTERM,1-nested,0.816564,,6.7927
Ex04_false-no-overflow_false-termination,0,UNKNOWN,1-nested,0.919257,,8.5134
Ex07,0,NONTERM,1-nested,0.819217,,7.0261
GulavaniGulwani-CAV2008-Fig1c,1,TERMINATE,4-nested,0.82121,- 0.9 *  x0^1.0 + 0.9 *  x[2]^1.0 + 0.7 * 1,10.4113
Hanoi_2vars,0,UNKNOWN,1-nested,0.971955,,5.5988
Hanoi_3vars,0,UNKNOWN,1-nested,0.968464,,6.8219
Hanoi_plus,0,UNKNOWN,1-nested,1.019521,,5.7743
LeikeHeizmann-TACAS2014-Ex1,1,TERMINATE,1-nested,0.817735,0.9 *  x0^1.0 + 0.7 * 1,10.0197
LeikeHeizmann-TACAS2014-Ex9,1,TERMINATE,4-nested,0.816145,1.0 *  x0^1.0 + 1.0 *  x1^1.0 + 0.7 * 1,9.9292
LeikeHeizmann-TACAS2014-Fig1,2,TERMINATE,1-nested,0.919155,- 1.0 *  x1^1.0 + 0.9 * 1; 1.0 *  x0^1.0 + 0.7 * 1,10.0423
LeikeHeizmann-WST2014-Ex5,0,UNKNOWN,1-nested,1.122138,,8.0258
LeikeHeizmann-WST2014-Ex6,0,UNKNOWN,1-nested,0.921266,,5.8104
Marbie1_false-no-overflow_false-termination,0,UNKNOWN,1-nested,0.919763,,6.0122
Marbie2_false-no-overflow_false-termination,0,UNKNOWN,1-nested,0.922122,,7.0997
Masse-VMCAI2014-Ex6,0,UNKNOWN,1-nested,0.968902,,6.8796
Middle_false-no-overflow_false-termination,0,UNKNOWN,1-nested,1.017016,,7.4992
NonTermination1,0,UNKNOWN,1-nested,0.918358,,7.009
NonTerminationSimple2,0,UNKNOWN,1-nested,0.869795,,7.4709
NonTerminationSimple3,0,NONTERM,1-nested,0.820638,,7.9382
Overflow_false-no-overflow_true-termination,0,UNKNOWN,4-nested,1.669486,,10.6473
PastaA10,0,UNKNOWN,4-nested,1.971994,,9.4843
PastaA4,1,TERMINATE,1-nested,0.817476,1.0 *  x0^1.0 - 1.0 *  x1^1.0 + 1.0 * 1,6.4627
PastaA5_false-no-overflow_true-termination,1,TERMINATE,1-nested,0.868972,1.0 *  x0^1.0 - 1.0 *  x1^1.0 + 1.0 * 1,8.461
PastaA6_false-no-overflow_true-termination,1,TERMINATE,4-nested,0.819344,0.5 *  x0^1.0 - 0.5 *  x1^1.0 - 0.5 *  x[2]^1.0 + 0.7 * 1,9.6781
PastaA7,0,UNKNOWN,1-nested,1.070641,,7.3825
PastaA8_false-no-overflow_true-termination,1,TERMINATE,4-nested,0.820973,0.9 *  x0^1.0 - 0.9 *  x1^1.0 + 0.7 * 1,11.9027
PastaB1,1,TERMINATE,1-nested,0.869115,0.7465 *  x0^1.0 - 0.7465 *  x1^1.0 + 0.2393 * 1,7.0243
PastaB11_false-no-overflow_true-termination,1,TERMINATE,4-nested,0.820765,1.0 *  x0^1.0 + 1.0 *  x1^1.0 + 0.7 * 1,7.5512
PastaB2,1,TERMINATE,4-nested,0.817928,0.5 *  x0^1.0 - 0.5 *  x1^1.0 + 0.7 * 1,10.6839
PastaB4,1,TERMINATE,4-nested,0.820204,0.5 *  x0^1.0 - 0.5 *  x1^1.0 + 0.7 * 1,8.4579
PastaB6,1,TERMINATE,4-nested,0.869939,0.5 *  x0^1.0 + 0.5 *  x1^1.0 + 0.7 * 1,8.3088
PastaB7,0,UNKNOWN,4-nested,2.171628,,11.0578
PastaC3,0,UNKNOWN,1-nested,1.018084,,7.7907
PastaC7,1,TERMINATE,4-nested,0.819188,- 0.5 *  x1^1.0 + 0.5 *  x[2]^1.0 + 0.7 * 1,12.177
PastaC7_false-no-overflow,1,TERMINATE,1-nested,0.818141,- 0.5 *  x1^1.0 + 0.5 *  x[2]^1.0 + 1.0 * 1,7.4967
PodelskiRybalchenko-TACAS2011-Fig1,1,TERMINATE,4-nested,0.818703,1.0 *  x0^1.0 + 0.8 * 1,11.8807
Sunset,0,UNKNOWN,1-nested,0.918333,,6.5103
TrueDiv_false-no-overflow_false-termination,0,UNKNOWN,1-nested,0.967704,,6.2444
TwoFloatInterv,0,UNKNOWN,1-nested,0.767955,,8.7084
Urban-WST2013-Fig1,0,NONTERM,1-nested,0.820457,,8.2299
Waldkirch,1,TERMINATE,1-nested,0.819539,1.0 *  x0^1.0 + 0.8 * 1,5.8298
WhileDecr,1,TERMINATE,4-nested,0.81677,1.0 *  x0^1.0 + 0.7 * 1,11.2939
WhileIncrPart_false-no-overflow_false-termination,0,UNKNOWN,1-nested,0.922391,,9.8018
WhileIncr_false-no-overflow_false-termination,0,UNKNOWN,1-nested,0.919833,,6.5888
WhilePart,0,NONTERM,1-nested,0.766647,,8.3128
WhileSingle,0,NONTERM,1-nested,0.773022,,7.4949
WhileTrueInc_false-no-overflow_false-termination,0,UNKNOWN,1-nested,0.968502,,6.6322
